date,ndvi,cloud_pct,source
2020-01-02,0.6385,10.437899,Sentinel-2_GEE_Real
2020-01-02,0.6688,0.003068,Sentinel-2_GEE_Real
2020-01-04,0.5923,5.491577,Sentinel-2_GEE_Real
2020-01-07,0.6514,0.044931,Sentinel-2_GEE_Real
2020-01-07,0.6412,6.028704,Sentinel-2_GEE_Real
2020-01-07,0.6897,0.005514,Sentinel-2_GEE_Real
2020-01-09,0.6283,9.7e-05,Sentinel-2_GEE_Real
2020-01-09,0.6015,6.318515,Sentinel-2_GEE_Real
2020-01-09,0.6068,2.66784,Sentinel-2_GEE_Real
2020-01-12,0.6664,0.008194,Sentinel-2_GEE_Real
2020-01-12,0.6331,3.303139,Sentinel-2_GEE_Real
2020-01-12,0.7244,0.002498,Sentinel-2_GEE_Real
2020-01-12,0.6732,2.85953,Sentinel-2_GEE_Real
2020-01-19,0.2,9.347431,Sentinel-2_GEE_Real
2020-01-27,0.7012,0.006436,Sentinel-2_GEE_Real
2020-01-27,0.6741,0.051564,Sentinel-2_GEE_Real
2020-01-27,0.6472,0.949999,Sentinel-2_GEE_Real
2020-01-27,0.6572,0.152398,Sentinel-2_GEE_Real
2020-02-01,0.6199,2.817349,Sentinel-2_GEE_Real
2020-02-01,0.6226,1.951176,Sentinel-2_GEE_Real
2020-02-01,0.6567,0.050817,Sentinel-2_GEE_Real
2020-02-01,0.6604,4.396148,Sentinel-2_GEE_Real
2020-02-03,0.6155,0.000222,Sentinel-2_GEE_Real
2020-02-03,0.6031,0.566891,Sentinel-2_GEE_Real
2020-02-03,0.6082,1.832361,Sentinel-2_GEE_Real
2020-02-06,0.5615,5.219355,Sentinel-2_GEE_Real
2020-02-06,0.5674,3.641403,Sentinel-2_GEE_Real
2020-02-11,0.6605,0.336473,Sentinel-2_GEE_Real
2020-02-11,0.6514,0.015083,Sentinel-2_GEE_Real
2020-02-11,0.6245,17.646454,Sentinel-2_GEE_Real
2020-02-11,0.6228,4.02429,Sentinel-2_GEE_Real
2020-02-16,0.6307,0.011303,Sentinel-2_GEE_Real
2020-02-21,0.5267,0.890111,Sentinel-2_GEE_Real
2020-02-23,0.5692,0.868863,Sentinel-2_GEE_Real
2020-02-23,0.5402,13.978307,Sentinel-2_GEE_Real
2020-02-23,0.5803,4.235078,Sentinel-2_GEE_Real
2020-02-26,0.596,4.579761,Sentinel-2_GEE_Real
2020-02-26,0.6485,0.059575,Sentinel-2_GEE_Real
2020-02-28,0.5866,7.461107,Sentinel-2_GEE_Real
2020-02-28,0.5878,18.515337,Sentinel-2_GEE_Real
2020-02-28,0.6063,1.834601,Sentinel-2_GEE_Real
2020-03-04,0.6202,0.002376,Sentinel-2_GEE_Real
2020-03-04,0.6186,0.001354,Sentinel-2_GEE_Real
2020-03-04,0.5885,0.001401,Sentinel-2_GEE_Real
2020-03-04,0.5809,5.841992,Sentinel-2_GEE_Real
2020-03-07,0.579,2.675171,Sentinel-2_GEE_Real
2020-03-07,0.5789,13.194757,Sentinel-2_GEE_Real
2020-03-07,0.6238,3.030276,Sentinel-2_GEE_Real
2020-03-09,0.574,2.019667,Sentinel-2_GEE_Real
2020-03-09,0.5654,5.29273,Sentinel-2_GEE_Real
2020-03-09,0.5953,2.084808,Sentinel-2_GEE_Real
2020-03-09,0.5797,9.255945,Sentinel-2_GEE_Real
2020-03-12,0.6019,7.029506,Sentinel-2_GEE_Real
2020-03-14,0.5667,3.379206,Sentinel-2_GEE_Real
2020-03-17,0.5765,10.526316,Sentinel-2_GEE_Real
2020-03-29,0.2953,17.84738,Sentinel-2_GEE_Real
2020-04-03,0.5961,0.078036,Sentinel-2_GEE_Real
2020-04-03,0.5718,0.541602,Sentinel-2_GEE_Real
2020-04-03,0.5657,1.101647,Sentinel-2_GEE_Real
2020-04-03,0.5652,0.893141,Sentinel-2_GEE_Real
2020-05-01,0.5786,0.11861,Sentinel-2_GEE_Real
2020-05-01,0.5805,3.676809,Sentinel-2_GEE_Real
2020-05-01,0.5954,0.003432,Sentinel-2_GEE_Real
2020-05-01,0.6042,0.009399,Sentinel-2_GEE_Real
2020-05-03,0.5244,2.52939,Sentinel-2_GEE_Real
2020-05-03,0.5282,2.944308,Sentinel-2_GEE_Real
2020-05-03,0.5437,6.3e-05,Sentinel-2_GEE_Real
2020-05-03,0.537,3.862545,Sentinel-2_GEE_Real
2020-05-08,0.4731,16.679072,Sentinel-2_GEE_Real
2020-05-18,0.5685,0.206688,Sentinel-2_GEE_Real
2020-05-18,0.5868,0.017996,Sentinel-2_GEE_Real
2020-05-18,0.5573,0.070822,Sentinel-2_GEE_Real
2020-05-18,0.5537,0.189574,Sentinel-2_GEE_Real
2020-05-21,0.5763,0.134844,Sentinel-2_GEE_Real
2020-05-21,0.5715,3.96385,Sentinel-2_GEE_Real
2020-05-21,0.6137,0.004233,Sentinel-2_GEE_Real
2020-05-23,0.5458,1.870036,Sentinel-2_GEE_Real
2020-05-23,0.545,12.905003,Sentinel-2_GEE_Real
2020-05-23,0.5694,3.377557,Sentinel-2_GEE_Real
2020-05-26,0.5184,0.886531,Sentinel-2_GEE_Real
2020-05-26,0.4718,8.729437,Sentinel-2_GEE_Real
2020-05-26,0.4989,16.77742,Sentinel-2_GEE_Real
2020-05-28,0.4495,8.33549,Sentinel-2_GEE_Real
2020-06-02,0.5766,6.405719,Sentinel-2_GEE_Real
2020-06-05,0.6253,0.007324,Sentinel-2_GEE_Real
2020-06-05,0.5552,16.145295,Sentinel-2_GEE_Real
2020-06-05,0.5621,2.046916,Sentinel-2_GEE_Real
2020-06-10,0.5661,5.701272,Sentinel-2_GEE_Real
2020-06-10,0.5556,17.501051,Sentinel-2_GEE_Real
2020-06-10,0.6366,0.372539,Sentinel-2_GEE_Real
2020-06-15,0.5648,0.831535,Sentinel-2_GEE_Real
2020-06-15,0.5502,2.284652,Sentinel-2_GEE_Real
2020-06-15,0.6347,0.010332,Sentinel-2_GEE_Real
2020-06-15,0.6361,9.490572,Sentinel-2_GEE_Real
2020-06-17,0.5408,18.070144,Sentinel-2_GEE_Real
2020-06-17,0.4933,17.212971,Sentinel-2_GEE_Real
2020-06-17,0.5763,19.248765,Sentinel-2_GEE_Real
2020-06-20,0.6308,0.007532,Sentinel-2_GEE_Real
2020-06-20,0.5406,8.605627,Sentinel-2_GEE_Real
2020-06-20,0.5577,0.527278,Sentinel-2_GEE_Real
2020-06-22,0.5194,5.064336,Sentinel-2_GEE_Real
2020-06-22,0.4982,0.163037,Sentinel-2_GEE_Real
2020-06-22,0.5819,2.115676,Sentinel-2_GEE_Real
2020-06-22,0.5556,1.843959,Sentinel-2_GEE_Real
2020-06-25,0.6197,0.193689,Sentinel-2_GEE_Real
2020-06-27,0.547,0.598886,Sentinel-2_GEE_Real
2020-06-27,0.5246,0.892229,Sentinel-2_GEE_Real
2020-06-27,0.602,1.689123,Sentinel-2_GEE_Real
2020-06-27,0.5915,0.229727,Sentinel-2_GEE_Real
2020-06-30,0.4897,3.493074,Sentinel-2_GEE_Real
2020-06-30,0.6131,0.000986,Sentinel-2_GEE_Real
2020-06-30,0.5108,0.315778,Sentinel-2_GEE_Real
2020-07-02,0.5138,4.708508,Sentinel-2_GEE_Real
2020-07-02,0.5197,14.120311,Sentinel-2_GEE_Real
2020-07-02,0.4805,2.079183,Sentinel-2_GEE_Real
2020-07-02,0.5059,4.519306,Sentinel-2_GEE_Real
2020-07-05,0.5016,0.342776,Sentinel-2_GEE_Real
2020-07-05,0.4451,9.160465,Sentinel-2_GEE_Real
2020-07-05,0.5567,9.087451,Sentinel-2_GEE_Real
2020-07-07,0.5055,0.118797,Sentinel-2_GEE_Real
2020-07-07,0.488,0.125841,Sentinel-2_GEE_Real
2020-07-07,0.565,2.001768,Sentinel-2_GEE_Real
2020-07-07,0.5181,16.990989,Sentinel-2_GEE_Real
2020-07-10,0.533,0.293063,Sentinel-2_GEE_Real
2020-07-10,0.5106,4.477425,Sentinel-2_GEE_Real
2020-07-10,0.6173,0.002213,Sentinel-2_GEE_Real
2020-07-12,0.4026,10.031554,Sentinel-2_GEE_Real
2020-07-15,0.5908,12.273548,Sentinel-2_GEE_Real
2020-07-15,0.5051,0.561964,Sentinel-2_GEE_Real
2020-07-15,0.4427,7.017946,Sentinel-2_GEE_Real
2020-07-17,0.4867,2.190563,Sentinel-2_GEE_Real
2020-07-17,0.4317,14.443193,Sentinel-2_GEE_Real
2020-07-17,0.5507,6.59878,Sentinel-2_GEE_Real
2020-07-20,0.5151,0.249016,Sentinel-2_GEE_Real
2020-07-20,0.4961,0.83946,Sentinel-2_GEE_Real
2020-07-20,0.6031,0.000415,Sentinel-2_GEE_Real
2020-07-20,0.5852,9.775317,Sentinel-2_GEE_Real
2020-07-22,0.597,4.297988,Sentinel-2_GEE_Real
2020-07-22,0.5203,0.111885,Sentinel-2_GEE_Real
2020-07-22,0.4973,5.918406,Sentinel-2_GEE_Real
2020-07-25,0.5888,4.896106,Sentinel-2_GEE_Real
2020-07-25,0.6207,0.000603,Sentinel-2_GEE_Real
2020-07-25,0.5143,0.143497,Sentinel-2_GEE_Real
2020-07-25,0.4918,2.720633,Sentinel-2_GEE_Real
2020-07-27,0.4889,14.889446,Sentinel-2_GEE_Real
2020-07-27,0.4656,0.296162,Sentinel-2_GEE_Real
2020-07-27,0.5628,9.194306,Sentinel-2_GEE_Real
2020-07-27,0.5139,8.987794,Sentinel-2_GEE_Real
2020-07-30,0.4894,4.335857,Sentinel-2_GEE_Real
2020-07-30,0.5893,1.744714,Sentinel-2_GEE_Real
2020-08-01,0.4752,9.708399,Sentinel-2_GEE_Real
2020-08-01,0.5738,19.589444,Sentinel-2_GEE_Real
2020-08-01,0.5228,9.800044,Sentinel-2_GEE_Real
2020-08-04,0.5853,7.213027,Sentinel-2_GEE_Real
2020-08-04,0.6252,0.00192,Sentinel-2_GEE_Real
2020-08-04,0.5123,0.542482,Sentinel-2_GEE_Real
2020-08-04,0.4885,8.076132,Sentinel-2_GEE_Real
2020-08-06,0.4805,0.149884,Sentinel-2_GEE_Real
2020-08-06,0.4364,15.585105,Sentinel-2_GEE_Real
2020-08-06,0.5482,5.94564,Sentinel-2_GEE_Real
2020-08-06,0.4928,15.370198,Sentinel-2_GEE_Real
2020-08-09,0.4899,19.236103,Sentinel-2_GEE_Real
2020-08-09,0.4551,10.378344,Sentinel-2_GEE_Real
2020-08-09,0.5483,0.0,Sentinel-2_GEE_Real
2020-08-09,0.5535,5.254564,Sentinel-2_GEE_Real
2020-08-14,0.59,0.003414,Sentinel-2_GEE_Real
2020-08-14,0.511,0.002985,Sentinel-2_GEE_Real
2020-08-14,0.4837,1.733129,Sentinel-2_GEE_Real
2020-08-14,0.6271,0.000684,Sentinel-2_GEE_Real
2020-08-16,0.4689,10.374327,Sentinel-2_GEE_Real
2020-08-19,0.5768,2.381255,Sentinel-2_GEE_Real
2020-08-19,0.4718,0.924654,Sentinel-2_GEE_Real
2020-08-19,0.4924,0.054943,Sentinel-2_GEE_Real
2020-08-19,0.6057,0.0,Sentinel-2_GEE_Real
2020-08-21,0.4925,0.057805,Sentinel-2_GEE_Real
2020-08-21,0.4693,0.110037,Sentinel-2_GEE_Real
2020-08-21,0.5822,0.013762,Sentinel-2_GEE_Real
2020-08-21,0.5416,0.005667,Sentinel-2_GEE_Real
2020-08-24,0.4969,0.080664,Sentinel-2_GEE_Real
2020-08-24,0.4766,7.634443,Sentinel-2_GEE_Real
2020-08-24,0.615,0.000714,Sentinel-2_GEE_Real
2020-08-24,0.5831,19.960455,Sentinel-2_GEE_Real
2020-08-26,0.4897,2.500129,Sentinel-2_GEE_Real
2020-08-26,0.562,3.0571,Sentinel-2_GEE_Real
2020-08-29,0.5961,0.007421,Sentinel-2_GEE_Real
2020-08-29,0.6246,0.000545,Sentinel-2_GEE_Real
2020-08-29,0.5011,0.461962,Sentinel-2_GEE_Real
2020-08-29,0.5191,0.455745,Sentinel-2_GEE_Real
2020-08-31,0.4992,0.332226,Sentinel-2_GEE_Real
2020-08-31,0.4615,15.245287,Sentinel-2_GEE_Real
2020-08-31,0.5828,5.921666,Sentinel-2_GEE_Real
2020-08-31,0.5323,7.746109,Sentinel-2_GEE_Real
2020-09-03,0.5049,0.085803,Sentinel-2_GEE_Real
2020-09-03,0.4803,11.732259,Sentinel-2_GEE_Real
2020-09-03,0.6182,0.036157,Sentinel-2_GEE_Real
2020-09-03,0.5839,15.890957,Sentinel-2_GEE_Real
2020-09-05,0.4543,0.59563,Sentinel-2_GEE_Real
2020-09-05,0.5117,10.547666,Sentinel-2_GEE_Real
2020-09-08,0.6084,0.117912,Sentinel-2_GEE_Real
2020-09-08,0.4892,0.075832,Sentinel-2_GEE_Real
2020-09-08,0.4636,13.763338,Sentinel-2_GEE_Real
2020-09-10,0.4973,0.034053,Sentinel-2_GEE_Real
2020-09-10,0.4729,0.607944,Sentinel-2_GEE_Real
2020-09-10,0.5731,0.216512,Sentinel-2_GEE_Real
2020-09-10,0.5526,0.671458,Sentinel-2_GEE_Real
2020-09-15,0.4295,15.760524,Sentinel-2_GEE_Real
2020-09-15,0.4905,14.266933,Sentinel-2_GEE_Real
2020-09-28,0.5244,0.000759,Sentinel-2_GEE_Real
2020-09-28,0.5114,0.098118,Sentinel-2_GEE_Real
2020-09-28,0.6302,0.000586,Sentinel-2_GEE_Real
2020-09-28,0.6104,0.110752,Sentinel-2_GEE_Real
2020-10-03,0.6256,0.291618,Sentinel-2_GEE_Real
2020-10-03,0.6236,0.005761,Sentinel-2_GEE_Real
2020-10-03,0.5175,3.262361,Sentinel-2_GEE_Real
2020-10-08,0.4926,3.230727,Sentinel-2_GEE_Real
2020-10-08,0.4899,7.368269,Sentinel-2_GEE_Real
2020-10-08,0.6081,0.114253,Sentinel-2_GEE_Real
2020-10-13,0.5217,0.000918,Sentinel-2_GEE_Real
2020-10-13,0.5061,4.887156,Sentinel-2_GEE_Real
2020-10-13,0.6195,0.001487,Sentinel-2_GEE_Real
2020-10-13,0.6144,11.299357,Sentinel-2_GEE_Real
2020-10-15,0.5892,12.057257,Sentinel-2_GEE_Real
2020-10-15,0.5749,6.428781,Sentinel-2_GEE_Real
2020-10-18,0.4575,4.117053,Sentinel-2_GEE_Real
2020-10-25,0.5334,18.27917,Sentinel-2_GEE_Real
2020-10-25,0.5758,17.078499,Sentinel-2_GEE_Real
2020-10-25,0.5268,2.259685,Sentinel-2_GEE_Real
2020-10-25,0.5755,2.229515,Sentinel-2_GEE_Real
2020-10-28,0.6489,0.003736,Sentinel-2_GEE_Real
2020-10-28,0.648,0.001288,Sentinel-2_GEE_Real
2020-10-28,0.555,0.049987,Sentinel-2_GEE_Real
2020-10-28,0.5436,0.013373,Sentinel-2_GEE_Real
2020-10-30,0.5117,16.376174,Sentinel-2_GEE_Real
2020-11-02,0.5408,0.278652,Sentinel-2_GEE_Real
2020-11-02,0.537,5.666164,Sentinel-2_GEE_Real
2020-11-02,0.6353,0.001529,Sentinel-2_GEE_Real
2020-11-09,0.5416,11.465813,Sentinel-2_GEE_Real
2020-11-09,0.6136,0.990479,Sentinel-2_GEE_Real
2020-11-09,0.6675,10.863693,Sentinel-2_GEE_Real
2020-11-17,0.5708,5.808937,Sentinel-2_GEE_Real
2020-11-17,0.5824,8.416703,Sentinel-2_GEE_Real
2020-11-17,0.6482,3.055316,Sentinel-2_GEE_Real
2020-11-19,0.6641,11.328542,Sentinel-2_GEE_Real
2020-11-19,0.6253,5.592951,Sentinel-2_GEE_Real
2020-11-19,0.5636,12.774585,Sentinel-2_GEE_Real
2020-11-19,0.5532,18.007191,Sentinel-2_GEE_Real
2020-11-22,0.6019,3.037466,Sentinel-2_GEE_Real
2020-11-22,0.6022,1.188519,Sentinel-2_GEE_Real
2020-11-22,0.6928,1.846774,Sentinel-2_GEE_Real
2020-11-22,0.6818,0.597686,Sentinel-2_GEE_Real
2020-11-24,0.5937,0.00012,Sentinel-2_GEE_Real
2020-11-24,0.5905,3.305576,Sentinel-2_GEE_Real
2020-11-24,0.6441,0.630702,Sentinel-2_GEE_Real
2020-12-02,0.7173,0.00102,Sentinel-2_GEE_Real
2020-12-02,0.6453,0.000531,Sentinel-2_GEE_Real
2020-12-02,0.6315,2.409981,Sentinel-2_GEE_Real
2020-12-02,0.7243,0.00323,Sentinel-2_GEE_Real
2020-12-17,0.6749,0.536479,Sentinel-2_GEE_Real
2020-12-17,0.6202,14.963621,Sentinel-2_GEE_Real
2020-12-17,0.5634,7.402924,Sentinel-2_GEE_Real
2020-12-22,0.676,0.000209,Sentinel-2_GEE_Real
2020-12-22,0.6471,8.069276,Sentinel-2_GEE_Real
2020-12-22,0.7397,0.003001,Sentinel-2_GEE_Real
2020-12-22,0.7132,16.283376,Sentinel-2_GEE_Real
2020-12-24,0.6557,3.529823,Sentinel-2_GEE_Real
2020-12-24,0.6692,1.637167,Sentinel-2_GEE_Real
2020-12-24,0.6919,2.031287,Sentinel-2_GEE_Real
2020-12-27,0.6942,1.364302,Sentinel-2_GEE_Real
2020-12-27,0.697,0.506899,Sentinel-2_GEE_Real
2020-12-27,0.7532,3.832404,Sentinel-2_GEE_Real
2020-12-27,0.7516,0.574516,Sentinel-2_GEE_Real
2021-01-01,0.5307,6.315068,Sentinel-2_GEE_Real
2021-01-03,0.6828,0.065856,Sentinel-2_GEE_Real
2021-01-03,0.555,11.818867,Sentinel-2_GEE_Real
2021-01-03,0.5584,4.097492,Sentinel-2_GEE_Real
2021-01-03,0.6113,1.491572,Sentinel-2_GEE_Real
2021-01-11,0.343,19.274494,Sentinel-2_GEE_Real
2021-01-13,0.3974,1.119536,Sentinel-2_GEE_Real
2021-01-13,0.4714,1.518572,Sentinel-2_GEE_Real
2021-01-13,0.3055,1.916946,Sentinel-2_GEE_Real
2021-01-13,0.4329,1.093045,Sentinel-2_GEE_Real
2021-01-16,0.6162,0.007887,Sentinel-2_GEE_Real
2021-01-16,0.5101,2.583913,Sentinel-2_GEE_Real
2021-01-16,0.5575,3.536741,Sentinel-2_GEE_Real
2021-01-16,0.4676,5.036178,Sentinel-2_GEE_Real
2021-01-18,0.5656,7.334667,Sentinel-2_GEE_Real
2021-01-18,0.4863,0.001022,Sentinel-2_GEE_Real
2021-01-18,0.5453,1.031058,Sentinel-2_GEE_Real
2021-01-18,0.5168,0.000173,Sentinel-2_GEE_Real
2021-01-23,0.5501,17.026678,Sentinel-2_GEE_Real
2021-01-28,0.6236,17.507954,Sentinel-2_GEE_Real
2021-01-28,0.6374,2.634379,Sentinel-2_GEE_Real
2021-02-02,0.6317,4.154515,Sentinel-2_GEE_Real
2021-02-02,0.6379,2.643166,Sentinel-2_GEE_Real
2021-02-02,0.6629,0.029983,Sentinel-2_GEE_Real
2021-02-02,0.6617,1.448804,Sentinel-2_GEE_Real
2021-02-12,0.5583,18.270831,Sentinel-2_GEE_Real
2021-02-15,0.6142,0.221418,Sentinel-2_GEE_Real
2021-02-17,0.6096,14.42272,Sentinel-2_GEE_Real
2021-02-22,0.479,19.005192,Sentinel-2_GEE_Real
2021-03-09,0.5354,18.831314,Sentinel-2_GEE_Real
2021-03-12,0.6827,0.006425,Sentinel-2_GEE_Real
2021-03-12,0.6339,7.504161,Sentinel-2_GEE_Real
2021-03-12,0.654,0.003402,Sentinel-2_GEE_Real
2021-03-14,0.5832,19.131916,Sentinel-2_GEE_Real
2021-03-14,0.5823,12.677875,Sentinel-2_GEE_Real
2021-03-22,0.6127,0.134751,Sentinel-2_GEE_Real
2021-03-22,0.6289,0.055511,Sentinel-2_GEE_Real
2021-03-22,0.6306,0.48821,Sentinel-2_GEE_Real
2021-03-22,0.6753,0.007059,Sentinel-2_GEE_Real
2021-03-24,0.5973,0.544228,Sentinel-2_GEE_Real
2021-03-24,0.6059,0.274006,Sentinel-2_GEE_Real
2021-03-24,0.6055,0.403769,Sentinel-2_GEE_Real
2021-03-24,0.6456,0.13781,Sentinel-2_GEE_Real
2021-03-27,0.6484,5.066525,Sentinel-2_GEE_Real
2021-03-27,0.613,7.91035,Sentinel-2_GEE_Real
2021-03-27,0.5765,2.060338,Sentinel-2_GEE_Real
2021-03-27,0.6401,0.001891,Sentinel-2_GEE_Real
2021-04-01,0.5511,18.298048,Sentinel-2_GEE_Real
2021-04-01,0.5612,19.984091,Sentinel-2_GEE_Real
2021-04-01,0.62,0.002311,Sentinel-2_GEE_Real
2021-04-03,0.5657,3.43702,Sentinel-2_GEE_Real
2021-04-03,0.6225,0.126562,Sentinel-2_GEE_Real
2021-04-18,0.5641,1.453943,Sentinel-2_GEE_Real
2021-04-18,0.5734,10.58845,Sentinel-2_GEE_Real
2021-04-18,0.5806,14.241261,Sentinel-2_GEE_Real
2021-04-21,0.6228,3.280484,Sentinel-2_GEE_Real
2021-04-21,0.5788,3.990784,Sentinel-2_GEE_Real
2021-04-23,0.4201,19.288784,Sentinel-2_GEE_Real
2021-05-06,0.6181,0.439696,Sentinel-2_GEE_Real
2021-05-06,0.5795,3.537614,Sentinel-2_GEE_Real
2021-05-06,0.5613,0.469421,Sentinel-2_GEE_Real
2021-05-06,0.5774,0.52149,Sentinel-2_GEE_Real
2021-05-11,0.5354,4.683474,Sentinel-2_GEE_Real
2021-05-11,0.5705,2.009176,Sentinel-2_GEE_Real
2021-05-13,0.5662,2.010412,Sentinel-2_GEE_Real
2021-05-13,0.5436,6.570191,Sentinel-2_GEE_Real
2021-05-13,0.5566,0.037151,Sentinel-2_GEE_Real
2021-05-13,0.6214,0.003188,Sentinel-2_GEE_Real
2021-05-16,0.52,11.113944,Sentinel-2_GEE_Real
2021-05-16,0.5202,0.127239,Sentinel-2_GEE_Real
2021-05-16,0.5882,0.000729,Sentinel-2_GEE_Real
2021-05-18,0.5661,4.604292,Sentinel-2_GEE_Real
2021-05-18,0.5333,2.416646,Sentinel-2_GEE_Real
2021-05-21,0.6252,0.005304,Sentinel-2_GEE_Real
2021-05-21,0.566,4.395155,Sentinel-2_GEE_Real
2021-05-28,0.5348,6.404612,Sentinel-2_GEE_Real
2021-05-28,0.5136,12.35983,Sentinel-2_GEE_Real
2021-05-28,0.588,9.854549,Sentinel-2_GEE_Real
2021-05-28,0.5706,16.23772,Sentinel-2_GEE_Real
2021-06-02,0.521,0.049842,Sentinel-2_GEE_Real
2021-06-02,0.517,0.811402,Sentinel-2_GEE_Real
2021-06-02,0.5819,3.091868,Sentinel-2_GEE_Real
2021-06-02,0.5795,0.465529,Sentinel-2_GEE_Real
2021-06-07,0.5215,0.000332,Sentinel-2_GEE_Real
2021-06-07,0.5018,2.667291,Sentinel-2_GEE_Real
2021-06-07,0.5875,0.426767,Sentinel-2_GEE_Real
2021-06-07,0.5794,2.140806,Sentinel-2_GEE_Real
2021-06-12,0.5477,17.543554,Sentinel-2_GEE_Real
2021-06-12,0.483,0.751301,Sentinel-2_GEE_Real
2021-06-20,0.5336,3.469281,Sentinel-2_GEE_Real
2021-06-20,0.5247,7.500228,Sentinel-2_GEE_Real
2021-06-20,0.6303,0.004845,Sentinel-2_GEE_Real
2021-06-20,0.6219,0.409382,Sentinel-2_GEE_Real
2021-06-22,0.5829,1.485898,Sentinel-2_GEE_Real
2021-06-22,0.5845,0.283635,Sentinel-2_GEE_Real
2021-06-25,0.4744,3.172124,Sentinel-2_GEE_Real
2021-06-25,0.4286,11.572575,Sentinel-2_GEE_Real
2021-06-25,0.5788,17.842585,Sentinel-2_GEE_Real
2021-06-27,0.5841,0.863524,Sentinel-2_GEE_Real
2021-06-27,0.5184,0.000388,Sentinel-2_GEE_Real
2021-06-27,0.5039,0.066213,Sentinel-2_GEE_Real
2021-06-27,0.5892,1.232587,Sentinel-2_GEE_Real
2021-06-30,0.6246,0.001078,Sentinel-2_GEE_Real
2021-06-30,0.5141,0.21185,Sentinel-2_GEE_Real
2021-06-30,0.4961,7.609239,Sentinel-2_GEE_Real
2021-07-02,0.502,0.00035,Sentinel-2_GEE_Real
2021-07-02,0.4765,0.788721,Sentinel-2_GEE_Real
2021-07-02,0.5863,0.000445,Sentinel-2_GEE_Real
2021-07-02,0.5424,0.006994,Sentinel-2_GEE_Real
2021-07-05,0.4808,0.413953,Sentinel-2_GEE_Real
2021-07-05,0.4584,3.502593,Sentinel-2_GEE_Real
2021-07-05,0.6049,0.000738,Sentinel-2_GEE_Real
2021-07-07,0.5058,6.87577,Sentinel-2_GEE_Real
2021-07-07,0.5785,13.270496,Sentinel-2_GEE_Real
2021-07-10,0.4688,7.761823,Sentinel-2_GEE_Real
2021-07-10,0.4083,2.086728,Sentinel-2_GEE_Real
2021-07-12,0.2606,4.322085,Sentinel-2_GEE_Real
2021-07-15,0.4871,1.223039,Sentinel-2_GEE_Real
2021-07-15,0.4545,10.52129,Sentinel-2_GEE_Real
2021-07-15,0.5951,1.46749,Sentinel-2_GEE_Real
2021-07-17,0.4713,0.000438,Sentinel-2_GEE_Real
2021-07-17,0.4492,0.19216,Sentinel-2_GEE_Real
2021-07-17,0.4928,4.465005,Sentinel-2_GEE_Real
2021-07-17,0.4828,5.26703,Sentinel-2_GEE_Real
2021-07-20,0.5066,0.056366,Sentinel-2_GEE_Real
2021-07-20,0.4838,10.197509,Sentinel-2_GEE_Real
2021-07-20,0.6222,0.000608,Sentinel-2_GEE_Real
2021-07-20,0.5884,16.417444,Sentinel-2_GEE_Real
2021-07-22,0.4714,13.657678,Sentinel-2_GEE_Real
2021-07-22,0.4811,10.241612,Sentinel-2_GEE_Real
2021-07-22,0.4476,0.310564,Sentinel-2_GEE_Real
2021-07-22,0.4672,16.177752,Sentinel-2_GEE_Real
2021-07-25,0.492,0.028383,Sentinel-2_GEE_Real
2021-07-25,0.467,0.114865,Sentinel-2_GEE_Real
2021-07-25,0.6086,0.0,Sentinel-2_GEE_Real
2021-07-25,0.5723,0.332069,Sentinel-2_GEE_Real
2021-07-27,0.4827,0.047753,Sentinel-2_GEE_Real
2021-07-27,0.4436,14.64016,Sentinel-2_GEE_Real
2021-07-27,0.5727,0.202747,Sentinel-2_GEE_Real
2021-07-30,0.5178,0.006626,Sentinel-2_GEE_Real
2021-08-01,0.4991,1.588432,Sentinel-2_GEE_Real
2021-08-01,0.4781,8.20157,Sentinel-2_GEE_Real
2021-08-01,0.5691,18.239505,Sentinel-2_GEE_Real
2021-08-01,0.5578,8.036795,Sentinel-2_GEE_Real
2021-08-04,0.5751,1.477531,Sentinel-2_GEE_Real
2021-08-04,0.6142,0.000722,Sentinel-2_GEE_Real
2021-08-04,0.494,4.537821,Sentinel-2_GEE_Real
2021-08-04,0.4689,0.076491,Sentinel-2_GEE_Real
2021-08-06,0.492,0.000152,Sentinel-2_GEE_Real
2021-08-06,0.4674,0.746904,Sentinel-2_GEE_Real
2021-08-06,0.5739,0.000133,Sentinel-2_GEE_Real
2021-08-06,0.5343,0.003271,Sentinel-2_GEE_Real
2021-08-09,0.4768,0.121461,Sentinel-2_GEE_Real
2021-08-09,0.4544,1.363054,Sentinel-2_GEE_Real
2021-08-09,0.6039,0.000561,Sentinel-2_GEE_Real
2021-08-09,0.5684,1.757282,Sentinel-2_GEE_Real
2021-08-11,0.4703,8.552118,Sentinel-2_GEE_Real
2021-08-14,0.5426,0.0,Sentinel-2_GEE_Real
2021-08-14,0.4662,4.841163,Sentinel-2_GEE_Real
2021-08-14,0.4471,14.028901,Sentinel-2_GEE_Real
2021-08-16,0.4117,0.000702,Sentinel-2_GEE_Real
2021-08-16,0.4275,0.897319,Sentinel-2_GEE_Real
2021-08-16,0.4485,7.869592,Sentinel-2_GEE_Real
2021-08-16,0.435,19.154317,Sentinel-2_GEE_Real
2021-08-19,0.4775,0.290435,Sentinel-2_GEE_Real
2021-08-19,0.4564,19.513835,Sentinel-2_GEE_Real
2021-08-19,0.6044,0.0,Sentinel-2_GEE_Real
2021-08-24,0.3445,10.700061,Sentinel-2_GEE_Real
2021-08-26,0.4818,19.897395,Sentinel-2_GEE_Real
2021-08-26,0.5264,10.907409,Sentinel-2_GEE_Real
2021-08-26,0.4651,0.285689,Sentinel-2_GEE_Real
2021-08-26,0.419,19.846007,Sentinel-2_GEE_Real
2021-08-29,0.4679,5.830732,Sentinel-2_GEE_Real
2021-08-29,0.6064,0.100832,Sentinel-2_GEE_Real
2021-08-29,0.5788,0.006791,Sentinel-2_GEE_Real
2021-08-31,0.5286,3.437965,Sentinel-2_GEE_Real
2021-08-31,0.5046,9.990246,Sentinel-2_GEE_Real
2021-09-03,0.5799,0.010188,Sentinel-2_GEE_Real
2021-09-03,0.4904,0.071349,Sentinel-2_GEE_Real
2021-09-03,0.4715,3.26939,Sentinel-2_GEE_Real
2021-09-03,0.6095,0.0,Sentinel-2_GEE_Real
2021-09-05,0.4613,11.869295,Sentinel-2_GEE_Real
2021-09-05,0.558,0.014263,Sentinel-2_GEE_Real
2021-09-05,0.4819,0.00018,Sentinel-2_GEE_Real
2021-09-05,0.5433,8.580881,Sentinel-2_GEE_Real
2021-09-08,0.5756,0.011869,Sentinel-2_GEE_Real
2021-09-08,0.6079,0.000572,Sentinel-2_GEE_Real
2021-09-08,0.4812,3.192441,Sentinel-2_GEE_Real
2021-09-08,0.457,7.727827,Sentinel-2_GEE_Real
2021-09-10,0.486,0.00337,Sentinel-2_GEE_Real
2021-09-10,0.4636,0.103693,Sentinel-2_GEE_Real
2021-09-10,0.5641,0.000277,Sentinel-2_GEE_Real
2021-09-10,0.5192,0.001749,Sentinel-2_GEE_Real
2021-09-15,0.4676,5.162352,Sentinel-2_GEE_Real
2021-09-18,0.5065,0.679032,Sentinel-2_GEE_Real
2021-09-18,0.4974,5.45006,Sentinel-2_GEE_Real
2021-09-18,0.6265,0.148683,Sentinel-2_GEE_Real
2021-09-18,0.6081,0.000507,Sentinel-2_GEE_Real
2021-09-20,0.5052,0.007627,Sentinel-2_GEE_Real
2021-09-20,0.4847,1.657201,Sentinel-2_GEE_Real
2021-09-20,0.5786,0.844818,Sentinel-2_GEE_Real
2021-09-20,0.5745,3.21618,Sentinel-2_GEE_Real
2021-09-25,0.5178,10.314873,Sentinel-2_GEE_Real
2021-09-25,0.5483,14.843786,Sentinel-2_GEE_Real
2021-09-25,0.4749,0.362294,Sentinel-2_GEE_Real
2021-09-25,0.4481,6.4476,Sentinel-2_GEE_Real
2021-09-28,0.5072,17.663118,Sentinel-2_GEE_Real
2021-09-28,0.4897,17.148342,Sentinel-2_GEE_Real
2021-09-28,0.6124,0.000669,Sentinel-2_GEE_Real
2021-09-30,0.4848,0.830987,Sentinel-2_GEE_Real
2021-09-30,0.4488,15.051684,Sentinel-2_GEE_Real
2021-09-30,0.562,3.137156,Sentinel-2_GEE_Real
2021-10-05,0.5124,2.930257,Sentinel-2_GEE_Real
2021-10-05,0.5031,18.166158,Sentinel-2_GEE_Real
2021-10-05,0.5751,1.515264,Sentinel-2_GEE_Real
2021-10-05,0.5713,12.371678,Sentinel-2_GEE_Real
2021-10-08,0.5555,1.92155,Sentinel-2_GEE_Real
2021-10-08,0.6016,0.000722,Sentinel-2_GEE_Real
2021-10-08,0.5003,0.008379,Sentinel-2_GEE_Real
2021-10-08,0.4689,1.222079,Sentinel-2_GEE_Real
2021-10-13,0.4092,6.872829,Sentinel-2_GEE_Real
2021-10-13,0.6035,0.0,Sentinel-2_GEE_Real
2021-10-13,0.5303,10.665316,Sentinel-2_GEE_Real
2021-10-15,0.4983,0.001169,Sentinel-2_GEE_Real
2021-10-15,0.4883,6.282611,Sentinel-2_GEE_Real
2021-10-15,0.5745,1.495861,Sentinel-2_GEE_Real
2021-10-15,0.5787,5.362023,Sentinel-2_GEE_Real
2021-10-18,0.4673,2.016313,Sentinel-2_GEE_Real
2021-10-18,0.4439,5.286764,Sentinel-2_GEE_Real
2021-10-18,0.5673,4.365909,Sentinel-2_GEE_Real
2021-10-18,0.5405,4.637272,Sentinel-2_GEE_Real
2021-10-20,0.469,14.637887,Sentinel-2_GEE_Real
2021-10-20,0.5629,1.082127,Sentinel-2_GEE_Real
2021-10-20,0.4876,2.333219,Sentinel-2_GEE_Real
2021-10-23,0.4677,0.130229,Sentinel-2_GEE_Real
2021-10-23,0.4654,8.476806,Sentinel-2_GEE_Real
2021-10-23,0.5642,5.643598,Sentinel-2_GEE_Real
2021-10-23,0.5646,11.172599,Sentinel-2_GEE_Real
2021-10-28,0.4737,0.120253,Sentinel-2_GEE_Real
2021-10-28,0.4433,8.965353,Sentinel-2_GEE_Real
2021-10-28,0.572,0.83744,Sentinel-2_GEE_Real
2021-10-28,0.5427,15.141628,Sentinel-2_GEE_Real
2021-11-04,0.3858,14.630534,Sentinel-2_GEE_Real
2021-11-04,0.4799,5.764507,Sentinel-2_GEE_Real
2021-11-07,0.6322,0.3734,Sentinel-2_GEE_Real
2021-11-07,0.6319,0.000665,Sentinel-2_GEE_Real
2021-11-07,0.5214,0.535045,Sentinel-2_GEE_Real
2021-11-07,0.5251,0.893403,Sentinel-2_GEE_Real
2021-11-09,0.5211,1.780438,Sentinel-2_GEE_Real
2021-11-09,0.5213,4.817566,Sentinel-2_GEE_Real
2021-11-09,0.6209,0.000113,Sentinel-2_GEE_Real
2021-11-09,0.6091,0.043849,Sentinel-2_GEE_Real
2021-11-12,0.514,16.733384,Sentinel-2_GEE_Real
2021-11-12,0.5166,14.835322,Sentinel-2_GEE_Real
2021-11-12,0.6229,0.155713,Sentinel-2_GEE_Real
2021-11-12,0.6212,3.230357,Sentinel-2_GEE_Real
2021-11-14,0.4999,4.07554,Sentinel-2_GEE_Real
2021-11-14,0.4837,3.121905,Sentinel-2_GEE_Real
2021-11-14,0.5899,4.737741,Sentinel-2_GEE_Real
2021-11-17,0.6174,0.655918,Sentinel-2_GEE_Real
2021-11-17,0.5129,1.374856,Sentinel-2_GEE_Real
2021-11-19,0.464,12.766804,Sentinel-2_GEE_Real
2021-11-19,0.5141,11.288918,Sentinel-2_GEE_Real
2021-11-22,0.6057,8.455587,Sentinel-2_GEE_Real
2021-11-24,0.364,5.116367,Sentinel-2_GEE_Real
2021-11-27,0.417,6.929363,Sentinel-2_GEE_Real
2021-11-29,0.5619,16.564003,Sentinel-2_GEE_Real
2021-12-04,0.5811,0.001299,Sentinel-2_GEE_Real
2021-12-04,0.5648,0.240236,Sentinel-2_GEE_Real
2021-12-04,0.6497,0.001403,Sentinel-2_GEE_Real
2021-12-04,0.6691,0.001543,Sentinel-2_GEE_Real
2021-12-07,0.6892,0.000632,Sentinel-2_GEE_Real
2021-12-07,0.6805,0.002614,Sentinel-2_GEE_Real
2021-12-07,0.5813,0.000652,Sentinel-2_GEE_Real
2021-12-07,0.5677,0.584261,Sentinel-2_GEE_Real
2021-12-09,0.5204,13.452766,Sentinel-2_GEE_Real
2021-12-09,0.7033,7.779925,Sentinel-2_GEE_Real
2021-12-12,0.5866,0.000852,Sentinel-2_GEE_Real
2021-12-12,0.5809,4.051992,Sentinel-2_GEE_Real
2021-12-12,0.6937,0.001419,Sentinel-2_GEE_Real
2021-12-12,0.6854,4.044238,Sentinel-2_GEE_Real
2021-12-17,0.5314,0.000465,Sentinel-2_GEE_Real
2021-12-17,0.5072,17.064965,Sentinel-2_GEE_Real
2021-12-17,0.6246,0.000554,Sentinel-2_GEE_Real
2021-12-19,0.5137,6.753158,Sentinel-2_GEE_Real
2021-12-19,0.5711,3.325383,Sentinel-2_GEE_Real
2021-12-27,0.4904,7.587444,Sentinel-2_GEE_Real
2021-12-29,0.6889,0.00065,Sentinel-2_GEE_Real
2021-12-29,0.5974,2.370541,Sentinel-2_GEE_Real
2021-12-29,0.6391,7.889083,Sentinel-2_GEE_Real
2022-01-01,0.5844,0.004452,Sentinel-2_GEE_Real
2022-01-01,0.6885,0.027645,Sentinel-2_GEE_Real
2022-01-03,0.5908,4.866479,Sentinel-2_GEE_Real
2022-01-03,0.6342,1.339974,Sentinel-2_GEE_Real
2022-01-06,0.6173,1.989017,Sentinel-2_GEE_Real
2022-01-06,0.693,3.815199,Sentinel-2_GEE_Real
2022-01-06,0.7145,0.215972,Sentinel-2_GEE_Real
2022-01-08,0.605,1.824892,Sentinel-2_GEE_Real
2022-01-08,0.6124,1.676672,Sentinel-2_GEE_Real
2022-01-08,0.6412,0.529798,Sentinel-2_GEE_Real
2022-01-08,0.7395,1.074801,Sentinel-2_GEE_Real
2022-01-13,0.6927,8.650108,Sentinel-2_GEE_Real
2022-01-13,0.6696,0.000299,Sentinel-2_GEE_Real
2022-01-13,0.6308,3.6e-05,Sentinel-2_GEE_Real
2022-01-13,0.6301,3.840884,Sentinel-2_GEE_Real
2022-01-16,0.6098,0.229053,Sentinel-2_GEE_Real
2022-01-16,0.6104,10.330288,Sentinel-2_GEE_Real
2022-01-16,0.6924,0.00327,Sentinel-2_GEE_Real
2022-01-21,0.5997,0.680622,Sentinel-2_GEE_Real
2022-01-21,0.5663,7.28476,Sentinel-2_GEE_Real
2022-01-21,0.678,0.008156,Sentinel-2_GEE_Real
2022-01-26,0.5318,11.026344,Sentinel-2_GEE_Real
2022-01-31,0.4448,0.39865,Sentinel-2_GEE_Real
2022-01-31,0.3039,6.860833,Sentinel-2_GEE_Real
2022-01-31,0.4997,1.067168,Sentinel-2_GEE_Real
2022-01-31,0.4521,3.522861,Sentinel-2_GEE_Real
2022-02-02,0.6562,3.089191,Sentinel-2_GEE_Real
2022-02-02,0.6464,0.000239,Sentinel-2_GEE_Real
2022-02-02,0.5918,4.634855,Sentinel-2_GEE_Real
2022-02-02,0.5947,6.4e-05,Sentinel-2_GEE_Real
2022-02-05,0.5383,19.62661,Sentinel-2_GEE_Real
2022-02-05,0.5918,4.246758,Sentinel-2_GEE_Real
2022-02-07,0.4593,0.279653,Sentinel-2_GEE_Real
2022-02-07,0.4552,7.422172,Sentinel-2_GEE_Real
2022-02-07,0.3373,14.809738,Sentinel-2_GEE_Real
2022-02-10,0.5525,6.867708,Sentinel-2_GEE_Real
2022-02-10,0.4279,8.811484,Sentinel-2_GEE_Real
2022-02-10,0.5778,5.471022,Sentinel-2_GEE_Real
2022-02-10,0.4602,13.354783,Sentinel-2_GEE_Real
2022-02-12,0.5434,3.358529,Sentinel-2_GEE_Real
2022-02-12,0.5151,7.582611,Sentinel-2_GEE_Real
2022-02-12,0.5282,0.009652,Sentinel-2_GEE_Real
2022-02-12,0.5109,1.626007,Sentinel-2_GEE_Real
2022-02-15,0.6158,1.270073,Sentinel-2_GEE_Real
2022-02-15,0.5967,1.796615,Sentinel-2_GEE_Real
2022-02-15,0.6674,15.340176,Sentinel-2_GEE_Real
2022-02-15,0.668,0.750807,Sentinel-2_GEE_Real
2022-02-17,0.5787,0.49906,Sentinel-2_GEE_Real
2022-02-17,0.575,1.922018,Sentinel-2_GEE_Real
2022-02-17,0.6191,0.062495,Sentinel-2_GEE_Real
2022-02-17,0.6339,4.507849,Sentinel-2_GEE_Real
2022-02-20,0.4531,4.488075,Sentinel-2_GEE_Real
2022-02-20,0.5244,14.005123,Sentinel-2_GEE_Real
2022-02-20,0.5441,0.177982,Sentinel-2_GEE_Real
2022-02-20,0.489,19.972412,Sentinel-2_GEE_Real
2022-02-22,0.5559,15.52029,Sentinel-2_GEE_Real
2022-02-22,0.539,16.304161,Sentinel-2_GEE_Real
2022-02-22,0.6126,2.661395,Sentinel-2_GEE_Real
2022-03-02,0.5861,0.981003,Sentinel-2_GEE_Real
2022-03-02,0.5789,0.145511,Sentinel-2_GEE_Real
2022-03-02,0.636,0.0,Sentinel-2_GEE_Real
2022-03-02,0.6479,0.054116,Sentinel-2_GEE_Real
2022-03-19,0.4472,0.227247,Sentinel-2_GEE_Real
2022-03-19,0.4606,10.411764,Sentinel-2_GEE_Real
2022-04-01,0.515,7.149251,Sentinel-2_GEE_Real
2022-04-06,0.0176,17.169811,Sentinel-2_GEE_Real
2022-04-08,0.6116,5.339805,Sentinel-2_GEE_Real
2022-04-08,0.5793,5.539255,Sentinel-2_GEE_Real
2022-04-08,0.5694,6.890051,Sentinel-2_GEE_Real
2022-04-08,0.5736,7.945068,Sentinel-2_GEE_Real
2022-04-11,0.6152,0.0,Sentinel-2_GEE_Real
2022-04-11,0.6067,14.639291,Sentinel-2_GEE_Real
2022-04-13,0.4247,1.425078,Sentinel-2_GEE_Real
2022-04-16,0.5618,0.008558,Sentinel-2_GEE_Real
2022-04-16,0.5586,0.023783,Sentinel-2_GEE_Real
2022-04-16,0.6147,0.001186,Sentinel-2_GEE_Real
2022-04-16,0.615,0.002178,Sentinel-2_GEE_Real
2022-04-18,0.5465,10.439201,Sentinel-2_GEE_Real
2022-04-18,0.5575,12.899041,Sentinel-2_GEE_Real
2022-04-21,0.4647,2.997809,Sentinel-2_GEE_Real
2022-04-23,0.4056,6.645688,Sentinel-2_GEE_Real
2022-04-28,0.2995,3.227825,Sentinel-2_GEE_Real
2022-05-01,0.5833,14.369576,Sentinel-2_GEE_Real
2022-05-01,0.5797,14.949922,Sentinel-2_GEE_Real
2022-05-01,0.6122,0.001407,Sentinel-2_GEE_Real
2022-05-01,0.6177,13.58141,Sentinel-2_GEE_Real
2022-05-06,0.6057,0.000964,Sentinel-2_GEE_Real
2022-05-06,0.5964,0.048277,Sentinel-2_GEE_Real
2022-05-06,0.6302,0.00271,Sentinel-2_GEE_Real
2022-05-06,0.636,0.072677,Sentinel-2_GEE_Real
2022-05-08,0.5618,4.4e-05,Sentinel-2_GEE_Real
2022-05-08,0.553,0.575505,Sentinel-2_GEE_Real
2022-05-08,0.5696,0.730462,Sentinel-2_GEE_Real
2022-05-08,0.5986,10.366741,Sentinel-2_GEE_Real
2022-05-11,0.5501,18.40435,Sentinel-2_GEE_Real
2022-05-13,0.5284,8.735499,Sentinel-2_GEE_Real
2022-05-13,0.553,8.882174,Sentinel-2_GEE_Real
2022-05-16,0.5715,0.012733,Sentinel-2_GEE_Real
2022-05-16,0.5642,1.26569,Sentinel-2_GEE_Real
2022-05-16,0.6208,0.003989,Sentinel-2_GEE_Real
2022-05-18,0.5289,7.071316,Sentinel-2_GEE_Real
2022-05-18,0.5305,1.290522,Sentinel-2_GEE_Real
2022-05-18,0.5577,12.736158,Sentinel-2_GEE_Real
2022-05-18,0.584,10.637227,Sentinel-2_GEE_Real
2022-05-23,0.5653,5.609567,Sentinel-2_GEE_Real
2022-05-23,0.5693,15.054874,Sentinel-2_GEE_Real
2022-05-23,0.5289,0.040412,Sentinel-2_GEE_Real
2022-05-23,0.5256,5.095257,Sentinel-2_GEE_Real
2022-05-26,0.5309,0.64718,Sentinel-2_GEE_Real
2022-05-26,0.4801,2.740529,Sentinel-2_GEE_Real
2022-05-26,0.5955,3.640575,Sentinel-2_GEE_Real
2022-05-26,0.5577,5.112553,Sentinel-2_GEE_Real
2022-05-28,0.3226,6.813703,Sentinel-2_GEE_Real
2022-05-28,0.288,11.50476,Sentinel-2_GEE_Real
2022-05-31,0.5206,0.075632,Sentinel-2_GEE_Real
2022-05-31,0.5084,5.635522,Sentinel-2_GEE_Real
2022-05-31,0.6027,1.352459,Sentinel-2_GEE_Real
2022-06-05,0.6123,0.005418,Sentinel-2_GEE_Real
2022-06-05,0.5238,0.12793,Sentinel-2_GEE_Real
2022-06-05,0.5106,5.156284,Sentinel-2_GEE_Real
2022-06-07,0.5635,0.050434,Sentinel-2_GEE_Real
2022-06-07,0.53,4.521093,Sentinel-2_GEE_Real
2022-06-07,0.494,0.843113,Sentinel-2_GEE_Real
2022-06-07,0.4779,0.839232,Sentinel-2_GEE_Real
2022-06-10,0.5927,0.001697,Sentinel-2_GEE_Real
2022-06-10,0.4822,1.138047,Sentinel-2_GEE_Real
2022-06-12,0.4821,1.640957,Sentinel-2_GEE_Real
2022-06-12,0.4738,1.621212,Sentinel-2_GEE_Real
2022-06-17,0.4709,18.983838,Sentinel-2_GEE_Real
2022-06-17,0.544,0.048517,Sentinel-2_GEE_Real
2022-06-17,0.5521,1.788806,Sentinel-2_GEE_Real
2022-06-20,0.2013,13.572589,Sentinel-2_GEE_Real
2022-06-20,0.1483,19.977501,Sentinel-2_GEE_Real
2022-06-22,0.4647,10.543568,Sentinel-2_GEE_Real
2022-06-22,0.5173,2.429395,Sentinel-2_GEE_Real
2022-06-25,0.4903,8.475631,Sentinel-2_GEE_Real
2022-06-25,0.4719,6.878397,Sentinel-2_GEE_Real
2022-06-25,0.5988,0.002896,Sentinel-2_GEE_Real
2022-06-25,0.571,14.338273,Sentinel-2_GEE_Real
2022-06-27,0.5378,0.01064,Sentinel-2_GEE_Real
2022-06-27,0.5609,0.006818,Sentinel-2_GEE_Real
2022-06-27,0.4929,4.525931,Sentinel-2_GEE_Real
2022-06-27,0.4764,2.513835,Sentinel-2_GEE_Real
2022-06-30,0.4749,0.075443,Sentinel-2_GEE_Real
2022-06-30,0.4542,1.670093,Sentinel-2_GEE_Real
2022-06-30,0.5994,0.002119,Sentinel-2_GEE_Real
2022-06-30,0.5549,13.14238,Sentinel-2_GEE_Real
2022-07-02,0.4697,0.011008,Sentinel-2_GEE_Real
2022-07-02,0.535,6.353407,Sentinel-2_GEE_Real
2022-07-05,0.4467,11.590679,Sentinel-2_GEE_Real
2022-07-05,0.3903,0.741921,Sentinel-2_GEE_Real
2022-07-05,0.3797,2.371211,Sentinel-2_GEE_Real
2022-07-05,0.4769,0.0,Sentinel-2_GEE_Real
2022-07-07,0.5678,2.831281,Sentinel-2_GEE_Real
2022-07-07,0.4862,0.001327,Sentinel-2_GEE_Real
2022-07-07,0.4372,5.598972,Sentinel-2_GEE_Real
2022-07-10,0.4919,0.567773,Sentinel-2_GEE_Real
2022-07-10,0.4677,7.011411,Sentinel-2_GEE_Real
2022-07-10,0.6053,0.009669,Sentinel-2_GEE_Real
2022-07-12,0.4779,15.922643,Sentinel-2_GEE_Real
2022-07-12,0.4951,5.670087,Sentinel-2_GEE_Real
2022-07-12,0.4983,4.8109,Sentinel-2_GEE_Real
2022-07-15,0.4848,0.050427,Sentinel-2_GEE_Real
2022-07-15,0.4116,3.541422,Sentinel-2_GEE_Real
2022-07-15,0.6014,0.000833,Sentinel-2_GEE_Real
2022-07-17,0.5447,0.001798,Sentinel-2_GEE_Real
2022-07-17,0.5477,1.155946,Sentinel-2_GEE_Real
2022-07-17,0.4517,1.810716,Sentinel-2_GEE_Real
2022-07-17,0.4754,0.000246,Sentinel-2_GEE_Real
2022-07-20,0.4772,0.062069,Sentinel-2_GEE_Real
2022-07-20,0.4467,4.266455,Sentinel-2_GEE_Real
2022-07-20,0.5992,0.000847,Sentinel-2_GEE_Real
2022-07-22,0.465,0.083624,Sentinel-2_GEE_Real
2022-07-22,0.4402,4.559973,Sentinel-2_GEE_Real
2022-07-22,0.5221,1.419567,Sentinel-2_GEE_Real
2022-07-22,0.5273,7.661819,Sentinel-2_GEE_Real
2022-07-25,0.437,15.649179,Sentinel-2_GEE_Real
2022-07-27,0.459,0.04483,Sentinel-2_GEE_Real
2022-07-27,0.5582,0.196841,Sentinel-2_GEE_Real
2022-07-27,0.4834,0.000135,Sentinel-2_GEE_Real
2022-07-27,0.532,0.003456,Sentinel-2_GEE_Real
2022-07-30,0.5904,1.101833,Sentinel-2_GEE_Real
2022-07-30,0.4593,12.075772,Sentinel-2_GEE_Real
2022-08-01,0.4752,0.000414,Sentinel-2_GEE_Real
2022-08-01,0.4208,19.876625,Sentinel-2_GEE_Real
2022-08-01,0.5569,10.800456,Sentinel-2_GEE_Real
2022-08-04,0.4832,0.010254,Sentinel-2_GEE_Real
2022-08-04,0.4553,2.658893,Sentinel-2_GEE_Real
2022-08-04,0.605,0.002621,Sentinel-2_GEE_Real
2022-08-04,0.5656,13.617525,Sentinel-2_GEE_Real
2022-08-06,0.4838,0.000302,Sentinel-2_GEE_Real
2022-08-06,0.4545,10.548215,Sentinel-2_GEE_Real
2022-08-06,0.5651,0.48956,Sentinel-2_GEE_Real
2022-08-06,0.5166,2.028376,Sentinel-2_GEE_Real
2022-08-09,0.4627,14.791866,Sentinel-2_GEE_Real
2022-08-09,0.5631,0.098063,Sentinel-2_GEE_Real
2022-08-09,0.4624,12.851994,Sentinel-2_GEE_Real
2022-08-11,0.4161,0.001038,Sentinel-2_GEE_Real
2022-08-11,0.4815,12.500343,Sentinel-2_GEE_Real
2022-08-14,0.484,0.0,Sentinel-2_GEE_Real
2022-08-14,0.4456,15.361993,Sentinel-2_GEE_Real
2022-08-16,0.4877,0.750635,Sentinel-2_GEE_Real
2022-08-16,0.4575,0.059421,Sentinel-2_GEE_Real
2022-08-16,0.5768,1.018752,Sentinel-2_GEE_Real
2022-08-16,0.5506,17.826667,Sentinel-2_GEE_Real
2022-08-19,0.49,0.002441,Sentinel-2_GEE_Real
2022-08-19,0.4611,7.315189,Sentinel-2_GEE_Real
2022-08-19,0.6099,0.000532,Sentinel-2_GEE_Real
2022-08-21,0.5243,0.004512,Sentinel-2_GEE_Real
2022-08-21,0.5759,0.270749,Sentinel-2_GEE_Real
2022-08-21,0.4578,0.110006,Sentinel-2_GEE_Real
2022-08-21,0.4881,0.059119,Sentinel-2_GEE_Real
2022-08-24,0.4186,17.281948,Sentinel-2_GEE_Real
2022-08-24,0.5873,0.0,Sentinel-2_GEE_Real
2022-08-24,0.4868,9.672008,Sentinel-2_GEE_Real
2022-08-26,0.4721,0.000235,Sentinel-2_GEE_Real
2022-08-26,0.4366,6.339894,Sentinel-2_GEE_Real
2022-08-26,0.5377,0.559806,Sentinel-2_GEE_Real
2022-08-26,0.4954,9.844474,Sentinel-2_GEE_Real
2022-08-29,0.4629,6.044081,Sentinel-2_GEE_Real
2022-08-31,0.5169,0.336349,Sentinel-2_GEE_Real
2022-08-31,0.5377,0.024591,Sentinel-2_GEE_Real
2022-08-31,0.4782,0.046576,Sentinel-2_GEE_Real
2022-08-31,0.4555,0.045104,Sentinel-2_GEE_Real
2022-09-03,0.5465,14.17893,Sentinel-2_GEE_Real
2022-09-03,0.5085,6.080929,Sentinel-2_GEE_Real
2022-09-05,0.4891,2.071372,Sentinel-2_GEE_Real
2022-09-05,0.4595,11.489062,Sentinel-2_GEE_Real
2022-09-05,0.5737,2.300531,Sentinel-2_GEE_Real
2022-09-05,0.5228,13.748397,Sentinel-2_GEE_Real
2022-09-08,0.4897,0.000398,Sentinel-2_GEE_Real
2022-09-08,0.4628,0.011393,Sentinel-2_GEE_Real
2022-09-08,0.6137,0.000637,Sentinel-2_GEE_Real
2022-09-08,0.5725,0.002052,Sentinel-2_GEE_Real
2022-09-10,0.471,12.927699,Sentinel-2_GEE_Real
2022-09-15,0.5486,1.292959,Sentinel-2_GEE_Real
2022-09-15,0.4996,2.099148,Sentinel-2_GEE_Real
2022-09-23,0.5027,1.051641,Sentinel-2_GEE_Real
2022-09-23,0.5813,8.497687,Sentinel-2_GEE_Real
2022-09-23,0.4169,1.026301,Sentinel-2_GEE_Real
2022-09-23,0.4684,0.245441,Sentinel-2_GEE_Real
2022-09-28,0.4652,8.362765,Sentinel-2_GEE_Real
2022-09-28,0.5758,6.725891,Sentinel-2_GEE_Real
2022-09-28,0.5739,0.001766,Sentinel-2_GEE_Real
2022-09-30,0.4392,7.366188,Sentinel-2_GEE_Real
2022-09-30,0.5246,0.882388,Sentinel-2_GEE_Real
2022-10-03,0.2231,7.549512,Sentinel-2_GEE_Real
2022-10-05,0.4887,0.000741,Sentinel-2_GEE_Real
2022-10-05,0.4683,18.34621,Sentinel-2_GEE_Real
2022-10-05,0.5293,0.332384,Sentinel-2_GEE_Real
2022-10-10,0.3442,14.921887,Sentinel-2_GEE_Real
2022-10-15,0.4293,10.559345,Sentinel-2_GEE_Real
2022-11-02,0.6026,0.307285,Sentinel-2_GEE_Real
2022-11-02,0.5921,0.001405,Sentinel-2_GEE_Real
2022-11-02,0.4714,0.008875,Sentinel-2_GEE_Real
2022-11-02,0.4571,0.00038,Sentinel-2_GEE_Real
2022-11-04,0.484,0.629998,Sentinel-2_GEE_Real
2022-11-04,0.5329,2.091257,Sentinel-2_GEE_Real
2022-11-04,0.5735,10.699454,Sentinel-2_GEE_Real
2022-11-07,0.4994,0.003609,Sentinel-2_GEE_Real
2022-11-07,0.5005,0.691446,Sentinel-2_GEE_Real
2022-11-07,0.6169,0.000639,Sentinel-2_GEE_Real
2022-11-07,0.6223,0.003564,Sentinel-2_GEE_Real
2022-11-12,0.4829,4.003184,Sentinel-2_GEE_Real
2022-11-12,0.4995,4.954426,Sentinel-2_GEE_Real
2022-11-12,0.595,0.003097,Sentinel-2_GEE_Real
2022-11-14,0.533,11.65188,Sentinel-2_GEE_Real
2022-11-14,0.4567,2.337836,Sentinel-2_GEE_Real
2022-11-14,0.467,13.694963,Sentinel-2_GEE_Real
2022-11-14,0.4507,9.184757,Sentinel-2_GEE_Real
2022-11-19,0.5237,3.347078,Sentinel-2_GEE_Real
2022-11-27,0.5616,9.591129,Sentinel-2_GEE_Real
2022-11-27,0.6815,17.89462,Sentinel-2_GEE_Real
2022-11-29,0.5632,0.000255,Sentinel-2_GEE_Real
2022-11-29,0.5555,0.022948,Sentinel-2_GEE_Real
2022-11-29,0.6373,0.000548,Sentinel-2_GEE_Real
2022-11-29,0.6585,0.319057,Sentinel-2_GEE_Real
2022-12-19,0.6115,1.548319,Sentinel-2_GEE_Real
2022-12-19,0.5861,8.48545,Sentinel-2_GEE_Real
2022-12-19,0.6187,2.93999,Sentinel-2_GEE_Real
2022-12-22,0.6984,5.005762,Sentinel-2_GEE_Real
2022-12-22,0.6939,0.005342,Sentinel-2_GEE_Real
2022-12-22,0.599,16.692938,Sentinel-2_GEE_Real
2022-12-22,0.6032,14.756365,Sentinel-2_GEE_Real
2022-12-24,0.6096,0.000838,Sentinel-2_GEE_Real
2022-12-24,0.5949,0.141291,Sentinel-2_GEE_Real
2022-12-24,0.6448,0.000199,Sentinel-2_GEE_Real
2022-12-24,0.6908,0.00209,Sentinel-2_GEE_Real
2022-12-27,0.6323,7.78883,Sentinel-2_GEE_Real
2022-12-29,0.6408,0.036559,Sentinel-2_GEE_Real
2022-12-29,0.6444,2.902882,Sentinel-2_GEE_Real
2022-12-29,0.5923,0.401227,Sentinel-2_GEE_Real
2022-12-29,0.5915,17.102854,Sentinel-2_GEE_Real
2023-01-01,0.613,4.616496,Sentinel-2_GEE_Real
2023-01-03,0.3211,11.66596,Sentinel-2_GEE_Real
2023-01-03,0.4509,2.921825,Sentinel-2_GEE_Real
2023-01-06,0.6254,1.816114,Sentinel-2_GEE_Real
2023-01-06,0.6183,4.823888,Sentinel-2_GEE_Real
2023-01-06,0.7041,0.002328,Sentinel-2_GEE_Real
2023-01-06,0.71,5.005745,Sentinel-2_GEE_Real
2023-01-11,0.3144,4.925781,Sentinel-2_GEE_Real
2023-01-13,0.6538,11.233158,Sentinel-2_GEE_Real
2023-01-18,0.144,10.790223,Sentinel-2_GEE_Real
2023-01-21,0.5171,1.224118,Sentinel-2_GEE_Real
2023-01-23,0.6132,5.232221,Sentinel-2_GEE_Real
2023-01-23,0.5998,0.652572,Sentinel-2_GEE_Real
2023-01-23,0.6444,7.718521,Sentinel-2_GEE_Real
2023-01-23,0.6816,1.424826,Sentinel-2_GEE_Real
2023-01-26,0.6606,0.071396,Sentinel-2_GEE_Real
2023-01-26,0.5944,1.898299,Sentinel-2_GEE_Real
2023-01-26,0.6705,1.036175,Sentinel-2_GEE_Real
2023-01-28,0.4321,8.435257,Sentinel-2_GEE_Real
2023-01-31,0.5906,0.089603,Sentinel-2_GEE_Real
2023-01-31,0.5908,6.400784,Sentinel-2_GEE_Real
2023-01-31,0.6684,0.128504,Sentinel-2_GEE_Real
2023-01-31,0.6906,10.100346,Sentinel-2_GEE_Real
2023-02-02,0.5695,0.166482,Sentinel-2_GEE_Real
2023-02-02,0.5806,4.467918,Sentinel-2_GEE_Real
2023-02-02,0.6222,3.893942,Sentinel-2_GEE_Real
2023-02-02,0.6461,16.987458,Sentinel-2_GEE_Real
2023-02-05,0.6636,6.03219,Sentinel-2_GEE_Real
2023-02-05,0.6748,0.71356,Sentinel-2_GEE_Real
2023-02-05,0.5938,6.073276,Sentinel-2_GEE_Real
2023-02-05,0.6022,3.478437,Sentinel-2_GEE_Real
2023-02-07,0.567,1.524853,Sentinel-2_GEE_Real
2023-02-07,0.6248,19.066077,Sentinel-2_GEE_Real
2023-02-20,0.5206,0.119289,Sentinel-2_GEE_Real
2023-02-22,0.5978,9.106649,Sentinel-2_GEE_Real
2023-02-22,0.572,1.610674,Sentinel-2_GEE_Real
2023-02-22,0.601,0.584009,Sentinel-2_GEE_Real
2023-02-22,0.6237,5.338264,Sentinel-2_GEE_Real
2023-02-27,0.1959,5.532938,Sentinel-2_GEE_Real
2023-03-02,0.1328,14.851423,Sentinel-2_GEE_Real
2023-03-12,0.601,6.529927,Sentinel-2_GEE_Real
2023-03-12,0.642,0.004816,Sentinel-2_GEE_Real
2023-03-14,0.62,0.09853,Sentinel-2_GEE_Real
2023-03-14,0.5732,3.651327,Sentinel-2_GEE_Real
2023-03-14,0.5974,7.275357,Sentinel-2_GEE_Real
2023-03-19,0.4868,5.721126,Sentinel-2_GEE_Real
2023-03-19,0.5168,4.129485,Sentinel-2_GEE_Real
2023-03-19,0.5171,14.231403,Sentinel-2_GEE_Real
2023-03-19,0.6047,0.64179,Sentinel-2_GEE_Real
2023-03-22,0.5778,16.174582,Sentinel-2_GEE_Real
2023-03-22,0.5775,0.02114,Sentinel-2_GEE_Real
2023-03-22,0.6283,0.002133,Sentinel-2_GEE_Real
2023-03-22,0.6317,0.009926,Sentinel-2_GEE_Real
2023-03-24,0.5255,16.883627,Sentinel-2_GEE_Real
2023-03-24,0.535,14.21506,Sentinel-2_GEE_Real
2023-03-27,0.5822,8.133546,Sentinel-2_GEE_Real
2023-03-27,0.5578,0.678188,Sentinel-2_GEE_Real
2023-03-29,0.4784,14.025137,Sentinel-2_GEE_Real
2023-04-01,0.6067,5.242732,Sentinel-2_GEE_Real
2023-04-01,0.6135,0.003608,Sentinel-2_GEE_Real
2023-04-01,0.5504,9.40536,Sentinel-2_GEE_Real
2023-04-01,0.566,19.442315,Sentinel-2_GEE_Real
2023-04-03,0.5478,0.144679,Sentinel-2_GEE_Real
2023-04-03,0.5445,3.055169,Sentinel-2_GEE_Real
2023-04-03,0.5674,0.600443,Sentinel-2_GEE_Real
2023-04-03,0.6013,3.682722,Sentinel-2_GEE_Real
2023-04-06,0.4529,3.149163,Sentinel-2_GEE_Real
2023-04-06,0.5054,0.0,Sentinel-2_GEE_Real
2023-04-08,0.5065,0.001197,Sentinel-2_GEE_Real
2023-04-08,0.5109,0.02018,Sentinel-2_GEE_Real
2023-04-08,0.4972,0.375234,Sentinel-2_GEE_Real
2023-04-08,0.4796,0.928365,Sentinel-2_GEE_Real
2023-04-11,0.5995,0.111169,Sentinel-2_GEE_Real
2023-04-11,0.6087,0.004006,Sentinel-2_GEE_Real
2023-04-11,0.5341,11.675069,Sentinel-2_GEE_Real
2023-04-11,0.5528,0.411925,Sentinel-2_GEE_Real
2023-04-13,0.4579,15.977015,Sentinel-2_GEE_Real
2023-04-13,0.5309,17.084396,Sentinel-2_GEE_Real
2023-04-18,0.4438,0.218919,Sentinel-2_GEE_Real
2023-04-18,0.3702,16.77579,Sentinel-2_GEE_Real
2023-04-18,0.4576,6.98223,Sentinel-2_GEE_Real
2023-04-23,0.4715,19.03149,Sentinel-2_GEE_Real
2023-04-26,0.5004,0.000798,Sentinel-2_GEE_Real
2023-04-26,0.4949,0.017592,Sentinel-2_GEE_Real
2023-04-26,0.5824,0.00092,Sentinel-2_GEE_Real
2023-04-26,0.5693,0.001702,Sentinel-2_GEE_Real
2023-05-01,0.5754,4.526392,Sentinel-2_GEE_Real
2023-05-01,0.5744,6.409968,Sentinel-2_GEE_Real
2023-05-01,0.4861,7.363158,Sentinel-2_GEE_Real
2023-05-01,0.4845,15.554029,Sentinel-2_GEE_Real
2023-05-06,0.4521,2.932886,Sentinel-2_GEE_Real
2023-05-06,0.4642,5.106072,Sentinel-2_GEE_Real
2023-05-06,0.5091,15.25023,Sentinel-2_GEE_Real
2023-05-06,0.5464,1.829943,Sentinel-2_GEE_Real
2023-05-08,0.4781,4.89374,Sentinel-2_GEE_Real
2023-05-08,0.535,10.021002,Sentinel-2_GEE_Real
2023-05-11,0.4757,17.056674,Sentinel-2_GEE_Real
2023-05-11,0.5757,13.191576,Sentinel-2_GEE_Real
2023-05-13,0.2953,15.898049,Sentinel-2_GEE_Real
2023-05-16,0.4609,14.319104,Sentinel-2_GEE_Real
2023-05-16,0.5666,0.000908,Sentinel-2_GEE_Real
2023-05-26,0.2576,14.808047,Sentinel-2_GEE_Real
2023-05-28,-0.0008,8.080514,Sentinel-2_GEE_Real
2023-05-31,0.4742,11.187951,Sentinel-2_GEE_Real
2023-05-31,0.5669,4.216754,Sentinel-2_GEE_Real
2023-06-05,0.2626,6.440283,Sentinel-2_GEE_Real
2023-06-10,0.4554,15.278888,Sentinel-2_GEE_Real
2023-06-10,0.4479,9.299749,Sentinel-2_GEE_Real
2023-06-10,0.516,14.436999,Sentinel-2_GEE_Real
2023-06-15,0.5127,15.000336,Sentinel-2_GEE_Real
2023-06-15,0.4938,16.022524,Sentinel-2_GEE_Real
2023-06-15,0.5983,0.00557,Sentinel-2_GEE_Real
2023-06-17,0.4833,7.9e-05,Sentinel-2_GEE_Real
2023-06-17,0.4682,1.926521,Sentinel-2_GEE_Real
2023-06-17,0.5532,0.326817,Sentinel-2_GEE_Real
2023-06-17,0.534,5.644812,Sentinel-2_GEE_Real
2023-06-22,0.5442,0.004967,Sentinel-2_GEE_Real
2023-06-22,0.5686,0.007767,Sentinel-2_GEE_Real
2023-06-22,0.4835,0.022593,Sentinel-2_GEE_Real
2023-06-22,0.5025,0.000247,Sentinel-2_GEE_Real
2023-06-25,0.4819,0.507136,Sentinel-2_GEE_Real
2023-06-25,0.4721,5.341246,Sentinel-2_GEE_Real
2023-06-25,0.5887,0.001398,Sentinel-2_GEE_Real
2023-06-27,0.5012,0.000389,Sentinel-2_GEE_Real
2023-06-27,0.4869,0.03671,Sentinel-2_GEE_Real
2023-06-27,0.5712,1.254657,Sentinel-2_GEE_Real
2023-06-27,0.5486,7.197578,Sentinel-2_GEE_Real
2023-06-30,0.4988,0.478894,Sentinel-2_GEE_Real
2023-06-30,0.4827,1.969844,Sentinel-2_GEE_Real
2023-06-30,0.6035,0.002172,Sentinel-2_GEE_Real
2023-06-30,0.5773,8.622082,Sentinel-2_GEE_Real
2023-07-02,0.4314,5.688156,Sentinel-2_GEE_Real
2023-07-02,0.539,2.118361,Sentinel-2_GEE_Real
2023-07-02,0.4784,0.041799,Sentinel-2_GEE_Real
2023-07-02,0.4033,6.590749,Sentinel-2_GEE_Real
2023-07-07,0.4839,0.032986,Sentinel-2_GEE_Real
2023-07-07,0.466,6.784637,Sentinel-2_GEE_Real
2023-07-07,0.5649,0.772042,Sentinel-2_GEE_Real
2023-07-07,0.5261,5.370357,Sentinel-2_GEE_Real
2023-07-10,0.4091,0.398036,Sentinel-2_GEE_Real
2023-07-10,0.4088,12.138379,Sentinel-2_GEE_Real
2023-07-10,0.524,0.057734,Sentinel-2_GEE_Real
2023-07-12,0.4643,0.255931,Sentinel-2_GEE_Real
2023-07-12,0.4424,0.030973,Sentinel-2_GEE_Real
2023-07-12,0.5099,3.158467,Sentinel-2_GEE_Real
2023-07-12,0.5052,1.618959,Sentinel-2_GEE_Real
2023-07-15,0.5606,0.887463,Sentinel-2_GEE_Real
2023-07-15,0.5957,0.000683,Sentinel-2_GEE_Real
2023-07-15,0.4819,0.943686,Sentinel-2_GEE_Real
2023-07-15,0.4646,7.879407,Sentinel-2_GEE_Real
2023-07-17,0.4812,0.163297,Sentinel-2_GEE_Real
2023-07-17,0.5576,0.064933,Sentinel-2_GEE_Real
2023-07-20,0.4619,5.708811,Sentinel-2_GEE_Real
2023-07-20,0.5488,0.000605,Sentinel-2_GEE_Real
2023-07-25,0.4883,0.016672,Sentinel-2_GEE_Real
2023-07-25,0.4685,2.195949,Sentinel-2_GEE_Real
2023-07-25,0.6005,0.002334,Sentinel-2_GEE_Real
2023-07-27,0.536,1.523844,Sentinel-2_GEE_Real
2023-07-27,0.4816,0.197735,Sentinel-2_GEE_Real
2023-07-27,0.4597,0.085566,Sentinel-2_GEE_Real
2023-07-27,0.5669,1.344143,Sentinel-2_GEE_Real
2023-07-30,0.5266,7.272811,Sentinel-2_GEE_Real
2023-07-30,0.5559,0.001409,Sentinel-2_GEE_Real
2023-07-30,0.4564,0.013199,Sentinel-2_GEE_Real
2023-07-30,0.4316,4.551389,Sentinel-2_GEE_Real
2023-08-01,0.4866,0.00096,Sentinel-2_GEE_Real
2023-08-01,0.4666,0.049499,Sentinel-2_GEE_Real
2023-08-01,0.5638,0.0035,Sentinel-2_GEE_Real
2023-08-01,0.5274,0.005537,Sentinel-2_GEE_Real
2023-08-04,0.5997,0.0,Sentinel-2_GEE_Real
2023-08-04,0.4834,0.010525,Sentinel-2_GEE_Real
2023-08-04,0.4634,0.071244,Sentinel-2_GEE_Real
2023-08-04,0.5605,0.520392,Sentinel-2_GEE_Real
2023-08-06,0.4965,0.222919,Sentinel-2_GEE_Real
2023-08-06,0.5093,0.000753,Sentinel-2_GEE_Real
2023-08-06,0.4435,0.956879,Sentinel-2_GEE_Real
2023-08-06,0.4641,0.000757,Sentinel-2_GEE_Real
2023-08-09,0.4296,17.509955,Sentinel-2_GEE_Real
2023-08-09,0.5096,0.001851,Sentinel-2_GEE_Real
2023-08-11,0.4228,0.010597,Sentinel-2_GEE_Real
2023-08-11,0.4235,3.026848,Sentinel-2_GEE_Real
2023-08-11,0.4746,0.157694,Sentinel-2_GEE_Real
2023-08-11,0.457,1.488658,Sentinel-2_GEE_Real
2023-08-14,0.4026,10.587976,Sentinel-2_GEE_Real
2023-08-14,0.3991,3.619701,Sentinel-2_GEE_Real
2023-08-14,0.5042,0.0008,Sentinel-2_GEE_Real
2023-08-16,0.4949,15.297434,Sentinel-2_GEE_Real
2023-08-19,0.5106,0.369355,Sentinel-2_GEE_Real
2023-08-19,0.4773,0.922075,Sentinel-2_GEE_Real
2023-08-19,0.4263,15.404253,Sentinel-2_GEE_Real
2023-08-19,0.4145,7.530881,Sentinel-2_GEE_Real
2023-08-21,0.4599,0.000115,Sentinel-2_GEE_Real
2023-08-21,0.4433,10.68498,Sentinel-2_GEE_Real
2023-08-21,0.5391,0.09483,Sentinel-2_GEE_Real
2023-08-21,0.4936,12.374584,Sentinel-2_GEE_Real
2023-08-24,0.5411,1.534996,Sentinel-2_GEE_Real
2023-08-24,0.5832,0.000733,Sentinel-2_GEE_Real
2023-08-24,0.4513,8.293239,Sentinel-2_GEE_Real
2023-08-24,0.4366,0.619968,Sentinel-2_GEE_Real
2023-08-26,0.4973,14.072113,Sentinel-2_GEE_Real
2023-08-29,0.4659,0.002521,Sentinel-2_GEE_Real
2023-08-29,0.4489,0.256065,Sentinel-2_GEE_Real
2023-08-29,0.5974,0.003608,Sentinel-2_GEE_Real
2023-08-29,0.5532,6.426257,Sentinel-2_GEE_Real
2023-08-31,0.5002,7.385974,Sentinel-2_GEE_Real
2023-08-31,0.5472,0.009555,Sentinel-2_GEE_Real
2023-08-31,0.4668,0.000158,Sentinel-2_GEE_Real
2023-08-31,0.4479,1.06006,Sentinel-2_GEE_Real
2023-09-08,0.4531,0.001381,Sentinel-2_GEE_Real
2023-09-08,0.6037,0.001048,Sentinel-2_GEE_Real
2023-09-10,0.4712,0.138405,Sentinel-2_GEE_Real
2023-09-10,0.4553,11.906621,Sentinel-2_GEE_Real
2023-09-10,0.553,9.770469,Sentinel-2_GEE_Real
2023-09-13,0.4469,0.046481,Sentinel-2_GEE_Real
2023-09-13,0.4237,7.186306,Sentinel-2_GEE_Real
2023-09-13,0.5901,1.763015,Sentinel-2_GEE_Real
2023-09-13,0.518,18.581851,Sentinel-2_GEE_Real
2023-09-15,0.4662,7.885452,Sentinel-2_GEE_Real
2023-09-20,0.4659,1.85917,Sentinel-2_GEE_Real
2023-09-20,0.5215,0.855654,Sentinel-2_GEE_Real
2023-09-20,0.4851,0.255231,Sentinel-2_GEE_Real
2023-09-20,0.5652,2.630134,Sentinel-2_GEE_Real
2023-09-23,0.4831,0.349637,Sentinel-2_GEE_Real
2023-09-23,0.6004,0.0016,Sentinel-2_GEE_Real
2023-09-25,0.4777,0.004424,Sentinel-2_GEE_Real
2023-09-25,0.4141,16.155554,Sentinel-2_GEE_Real
2023-09-25,0.5594,3.225812,Sentinel-2_GEE_Real
2023-09-25,0.4667,14.4711,Sentinel-2_GEE_Real
2023-09-28,0.4442,9.324267,Sentinel-2_GEE_Real
2023-09-28,0.4684,0.741792,Sentinel-2_GEE_Real
2023-09-28,0.5578,15.915757,Sentinel-2_GEE_Real
2023-09-30,0.517,13.010591,Sentinel-2_GEE_Real
2023-09-30,0.5609,0.078298,Sentinel-2_GEE_Real
2023-09-30,0.4835,0.0002,Sentinel-2_GEE_Real
2023-09-30,0.4647,11.016948,Sentinel-2_GEE_Real
2023-10-05,0.4614,18.196194,Sentinel-2_GEE_Real
2023-10-08,0.4741,0.374823,Sentinel-2_GEE_Real
2023-10-08,0.4591,15.592133,Sentinel-2_GEE_Real
2023-10-08,0.5763,0.000571,Sentinel-2_GEE_Real
2023-10-08,0.5714,17.999384,Sentinel-2_GEE_Real
2023-10-10,0.466,0.009916,Sentinel-2_GEE_Real
2023-10-10,0.4509,7.980673,Sentinel-2_GEE_Real
2023-10-10,0.5344,0.518273,Sentinel-2_GEE_Real
2023-10-10,0.5063,11.009373,Sentinel-2_GEE_Real
2023-10-13,0.5668,0.000666,Sentinel-2_GEE_Real
2023-10-15,0.3976,3.0106,Sentinel-2_GEE_Real
2023-10-15,0.4261,2.887489,Sentinel-2_GEE_Real
2023-10-25,0.2359,7.041828,Sentinel-2_GEE_Real
2023-10-28,0.4507,4.88764,Sentinel-2_GEE_Real
2023-10-28,0.6038,0.298638,Sentinel-2_GEE_Real
2023-11-04,0.5793,1.457503,Sentinel-2_GEE_Real
2023-11-04,0.6238,3.522401,Sentinel-2_GEE_Real
2023-11-07,0.5642,0.031106,Sentinel-2_GEE_Real
2023-11-07,0.5574,0.166363,Sentinel-2_GEE_Real
2023-11-07,0.6406,0.00292,Sentinel-2_GEE_Real
2023-11-07,0.6493,0.008277,Sentinel-2_GEE_Real
2023-11-12,0.5897,1.808775,Sentinel-2_GEE_Real
2023-11-14,0.5124,2.617363,Sentinel-2_GEE_Real
2023-11-14,0.522,4.093391,Sentinel-2_GEE_Real
2023-11-17,0.6437,0.003655,Sentinel-2_GEE_Real
2023-11-17,0.5789,5.890109,Sentinel-2_GEE_Real
2023-11-17,0.5785,12.572226,Sentinel-2_GEE_Real
2023-11-19,0.5624,0.871123,Sentinel-2_GEE_Real
2023-11-19,0.6156,1.308668,Sentinel-2_GEE_Real
2023-11-22,0.5465,2.913173,Sentinel-2_GEE_Real
2023-11-22,0.6544,0.194179,Sentinel-2_GEE_Real
2023-11-24,0.5907,0.002196,Sentinel-2_GEE_Real
2023-11-24,0.5975,0.033374,Sentinel-2_GEE_Real
2023-11-24,0.6289,0.002548,Sentinel-2_GEE_Real
2023-11-24,0.6601,0.004028,Sentinel-2_GEE_Real
2023-11-27,0.5143,18.967307,Sentinel-2_GEE_Real
2023-11-27,0.5987,3.532446,Sentinel-2_GEE_Real
2023-11-29,0.5442,13.047504,Sentinel-2_GEE_Real
2023-12-02,0.5878,1.648368,Sentinel-2_GEE_Real
2023-12-07,0.5379,14.601736,Sentinel-2_GEE_Real
2023-12-14,0.6665,2.741827,Sentinel-2_GEE_Real
2023-12-14,0.653,2.352683,Sentinel-2_GEE_Real
2023-12-14,0.6923,4.912893,Sentinel-2_GEE_Real
2023-12-14,0.7029,0.208038,Sentinel-2_GEE_Real
2023-12-17,0.6581,0.000879,Sentinel-2_GEE_Real
2023-12-17,0.6441,5.024687,Sentinel-2_GEE_Real
2023-12-17,0.709,0.007712,Sentinel-2_GEE_Real
2023-12-19,0.6404,0.051387,Sentinel-2_GEE_Real
2023-12-19,0.6391,5.188286,Sentinel-2_GEE_Real
2023-12-19,0.6731,0.024124,Sentinel-2_GEE_Real
2023-12-19,0.6949,6.911915,Sentinel-2_GEE_Real
2023-12-22,0.7137,0.003563,Sentinel-2_GEE_Real
2023-12-22,0.7177,0.001716,Sentinel-2_GEE_Real
2023-12-22,0.6548,0.081794,Sentinel-2_GEE_Real
2023-12-22,0.6749,0.000321,Sentinel-2_GEE_Real
2023-12-24,0.66,0.408395,Sentinel-2_GEE_Real
2023-12-24,0.6605,1.058724,Sentinel-2_GEE_Real
2023-12-24,0.6837,0.365901,Sentinel-2_GEE_Real
2023-12-24,0.7002,3.426087,Sentinel-2_GEE_Real
2023-12-27,0.6752,0.414831,Sentinel-2_GEE_Real
2023-12-27,0.6616,9.689872,Sentinel-2_GEE_Real
2023-12-27,0.7045,0.005126,Sentinel-2_GEE_Real
2024-01-01,0.6471,0.005584,Sentinel-2_GEE_Real
2024-01-01,0.6313,2.402323,Sentinel-2_GEE_Real
2024-01-01,0.6975,0.00282,Sentinel-2_GEE_Real
2024-01-01,0.7007,0.002413,Sentinel-2_GEE_Real
2024-01-03,0.6307,14.476657,Sentinel-2_GEE_Real
2024-01-03,0.673,3.562012,Sentinel-2_GEE_Real
2024-01-03,0.6185,0.63734,Sentinel-2_GEE_Real
2024-01-03,0.6312,1.324687,Sentinel-2_GEE_Real
2024-01-08,0.6389,18.802448,Sentinel-2_GEE_Real
2024-01-08,0.6713,5.697542,Sentinel-2_GEE_Real
2024-01-08,0.6321,11.587489,Sentinel-2_GEE_Real
2024-01-11,0.6004,13.371308,Sentinel-2_GEE_Real
2024-01-21,0.5518,0.491257,Sentinel-2_GEE_Real
2024-01-23,0.6478,0.697203,Sentinel-2_GEE_Real
2024-01-23,0.6393,6.102054,Sentinel-2_GEE_Real
2024-01-23,0.6615,3.247607,Sentinel-2_GEE_Real
2024-01-26,0.6685,5.3452,Sentinel-2_GEE_Real
2024-01-26,0.6814,0.014084,Sentinel-2_GEE_Real
2024-01-31,0.5307,11.447582,Sentinel-2_GEE_Real
2024-02-02,0.6583,0.066456,Sentinel-2_GEE_Real
2024-02-02,0.6332,0.000112,Sentinel-2_GEE_Real
2024-02-07,0.3439,3.405549,Sentinel-2_GEE_Real
2024-02-17,0.6445,10.173061,Sentinel-2_GEE_Real
2024-02-17,0.6397,0.545623,Sentinel-2_GEE_Real
2024-02-17,0.6588,0.145441,Sentinel-2_GEE_Real
2024-02-17,0.6677,0.001964,Sentinel-2_GEE_Real
2024-02-20,0.6597,0.001516,Sentinel-2_GEE_Real
2024-02-20,0.6243,6.693461,Sentinel-2_GEE_Real
2024-02-20,0.6688,0.003691,Sentinel-2_GEE_Real
2024-02-20,0.6478,8.790787,Sentinel-2_GEE_Real
2024-02-27,0.6273,1.45746,Sentinel-2_GEE_Real
2024-02-27,0.5874,19.840513,Sentinel-2_GEE_Real
2024-02-27,0.5982,6.476094,Sentinel-2_GEE_Real
2024-03-01,0.542,16.786599,Sentinel-2_GEE_Real
2024-03-03,0.3098,15.986393,Sentinel-2_GEE_Real
2024-03-06,0.6464,0.215244,Sentinel-2_GEE_Real
2024-03-06,0.6303,2.989585,Sentinel-2_GEE_Real
2024-03-06,0.6569,0.005879,Sentinel-2_GEE_Real
2024-03-06,0.6607,4.960488,Sentinel-2_GEE_Real
2024-03-11,0.6321,10.374393,Sentinel-2_GEE_Real
2024-03-11,0.6091,4.963,Sentinel-2_GEE_Real
2024-03-11,0.6564,0.578314,Sentinel-2_GEE_Real
2024-03-16,0.5428,13.888967,Sentinel-2_GEE_Real
2024-03-16,0.5758,16.470981,Sentinel-2_GEE_Real
2024-03-23,0.5176,13.273019,Sentinel-2_GEE_Real
2024-04-02,0.6097,4.863373,Sentinel-2_GEE_Real
2024-04-02,0.5887,12.306067,Sentinel-2_GEE_Real
2024-04-02,0.6017,0.96313,Sentinel-2_GEE_Real
2024-04-10,0.6436,0.004736,Sentinel-2_GEE_Real
2024-04-10,0.6237,0.026045,Sentinel-2_GEE_Real
2024-04-10,0.6115,6.077106,Sentinel-2_GEE_Real
2024-04-12,0.5897,1.592673,Sentinel-2_GEE_Real
2024-04-12,0.5871,2.982767,Sentinel-2_GEE_Real
2024-04-12,0.6041,0.123653,Sentinel-2_GEE_Real
2024-04-12,0.5792,2.854788,Sentinel-2_GEE_Real
2024-04-15,0.6034,0.054251,Sentinel-2_GEE_Real
2024-04-15,0.5809,0.018397,Sentinel-2_GEE_Real
2024-04-15,0.6323,0.002719,Sentinel-2_GEE_Real
2024-04-15,0.6255,0.002825,Sentinel-2_GEE_Real
2024-04-22,0.5506,3.63082,Sentinel-2_GEE_Real
2024-04-22,0.5545,10.166607,Sentinel-2_GEE_Real
2024-04-22,0.6063,19.713601,Sentinel-2_GEE_Real
2024-04-25,0.63,0.238822,Sentinel-2_GEE_Real
2024-04-25,0.6232,15.369296,Sentinel-2_GEE_Real
2024-04-25,0.5858,1.170664,Sentinel-2_GEE_Real
2024-04-30,0.4367,13.741827,Sentinel-2_GEE_Real
2024-05-05,0.5748,7.604091,Sentinel-2_GEE_Real
2024-05-07,0.5499,6.180121,Sentinel-2_GEE_Real
2024-05-07,0.55,5.172063,Sentinel-2_GEE_Real
2024-05-07,0.5688,4.637357,Sentinel-2_GEE_Real
2024-05-07,0.5654,2.221625,Sentinel-2_GEE_Real
2024-05-15,0.5123,5.882608,Sentinel-2_GEE_Real
2024-05-15,0.5885,0.393356,Sentinel-2_GEE_Real
2024-05-17,0.5408,0.734384,Sentinel-2_GEE_Real
2024-05-17,0.535,3.021981,Sentinel-2_GEE_Real
2024-05-20,0.5209,8.085703,Sentinel-2_GEE_Real
2024-05-22,0.5532,0.160895,Sentinel-2_GEE_Real
2024-05-22,0.5627,8.035212,Sentinel-2_GEE_Real
2024-05-22,0.5208,0.949494,Sentinel-2_GEE_Real
2024-05-25,0.5173,7.640544,Sentinel-2_GEE_Real
2024-05-25,0.4812,1.51449,Sentinel-2_GEE_Real
2024-05-25,0.5022,4.641317,Sentinel-2_GEE_Real
2024-05-30,0.5047,17.668703,Sentinel-2_GEE_Real
2024-05-30,0.4887,6.982832,Sentinel-2_GEE_Real
2024-05-30,0.5985,0.001809,Sentinel-2_GEE_Real
2024-06-01,0.4605,0.310464,Sentinel-2_GEE_Real
2024-06-11,0.2192,9.494192,Sentinel-2_GEE_Real
2024-06-14,0.485,10.825039,Sentinel-2_GEE_Real
2024-06-14,0.4694,6.229571,Sentinel-2_GEE_Real
2024-06-14,0.5912,0.003037,Sentinel-2_GEE_Real
2024-06-16,0.5391,0.004774,Sentinel-2_GEE_Real
2024-06-16,0.5603,0.453469,Sentinel-2_GEE_Real
2024-06-16,0.486,0.079598,Sentinel-2_GEE_Real
2024-06-16,0.499,0.00031,Sentinel-2_GEE_Real
2024-06-19,0.3629,17.543237,Sentinel-2_GEE_Real
2024-06-21,0.5022,0.000146,Sentinel-2_GEE_Real
2024-06-21,0.4832,0.002935,Sentinel-2_GEE_Real
2024-06-21,0.5665,0.001583,Sentinel-2_GEE_Real
2024-06-21,0.5609,0.000434,Sentinel-2_GEE_Real
2024-06-24,0.5168,12.869447,Sentinel-2_GEE_Real
2024-06-24,0.4794,15.603624,Sentinel-2_GEE_Real
2024-06-24,0.5808,11.872016,Sentinel-2_GEE_Real
2024-06-29,0.4892,4.782352,Sentinel-2_GEE_Real
2024-06-29,0.6001,0.003268,Sentinel-2_GEE_Real
2024-07-01,0.5334,0.005182,Sentinel-2_GEE_Real
2024-07-01,0.5664,0.009572,Sentinel-2_GEE_Real
2024-07-01,0.4998,1.053172,Sentinel-2_GEE_Real
2024-07-01,0.4827,1.603582,Sentinel-2_GEE_Real
2024-07-04,0.4769,0.180913,Sentinel-2_GEE_Real
2024-07-04,0.4503,3.821952,Sentinel-2_GEE_Real
2024-07-04,0.5723,0.001966,Sentinel-2_GEE_Real
2024-07-06,0.4936,0.053457,Sentinel-2_GEE_Real
2024-07-06,0.4765,3.632795,Sentinel-2_GEE_Real
2024-07-06,0.5605,3.399796,Sentinel-2_GEE_Real
2024-07-06,0.5327,8.847429,Sentinel-2_GEE_Real
2024-07-09,0.4927,0.090286,Sentinel-2_GEE_Real
2024-07-09,0.4695,3.783062,Sentinel-2_GEE_Real
2024-07-09,0.6057,0.002578,Sentinel-2_GEE_Real
2024-07-11,0.5062,0.181652,Sentinel-2_GEE_Real
2024-07-11,0.502,0.018454,Sentinel-2_GEE_Real
2024-07-11,0.4738,0.005666,Sentinel-2_GEE_Real
2024-07-11,0.4503,0.022907,Sentinel-2_GEE_Real
2024-07-14,0.4964,0.051085,Sentinel-2_GEE_Real
2024-07-14,0.4738,3.783745,Sentinel-2_GEE_Real
2024-07-14,0.6115,0.003273,Sentinel-2_GEE_Real
2024-07-16,0.4813,0.000589,Sentinel-2_GEE_Real
2024-07-16,0.4566,0.025814,Sentinel-2_GEE_Real
2024-07-16,0.5281,0.003006,Sentinel-2_GEE_Real
2024-07-16,0.5196,0.001549,Sentinel-2_GEE_Real
2024-07-19,0.391,2.960467,Sentinel-2_GEE_Real
2024-07-19,0.3769,0.101633,Sentinel-2_GEE_Real
2024-07-19,0.4589,0.0,Sentinel-2_GEE_Real
2024-07-19,0.4349,7.165228,Sentinel-2_GEE_Real
2024-07-21,0.5347,0.00421,Sentinel-2_GEE_Real
2024-07-21,0.572,0.002455,Sentinel-2_GEE_Real
2024-07-21,0.4977,5.6e-05,Sentinel-2_GEE_Real
2024-07-21,0.4752,0.892022,Sentinel-2_GEE_Real
2024-07-24,0.4894,2.559822,Sentinel-2_GEE_Real
2024-07-24,0.4545,0.626767,Sentinel-2_GEE_Real
2024-07-24,0.5701,0.001655,Sentinel-2_GEE_Real
2024-07-24,0.5464,6.601657,Sentinel-2_GEE_Real
2024-07-26,0.497,0.000168,Sentinel-2_GEE_Real
2024-07-26,0.473,0.026826,Sentinel-2_GEE_Real
2024-07-26,0.5714,0.00278,Sentinel-2_GEE_Real
2024-07-26,0.5301,0.003835,Sentinel-2_GEE_Real
2024-07-29,0.5279,4.217495,Sentinel-2_GEE_Real
2024-07-31,0.4394,2.555574,Sentinel-2_GEE_Real
2024-07-31,0.5189,13.739374,Sentinel-2_GEE_Real
2024-08-03,0.586,1.097565,Sentinel-2_GEE_Real
2024-08-03,0.6244,0.002354,Sentinel-2_GEE_Real
2024-08-03,0.5081,0.004808,Sentinel-2_GEE_Real
2024-08-03,0.4858,0.081512,Sentinel-2_GEE_Real
2024-08-05,0.4634,15.166858,Sentinel-2_GEE_Real
2024-08-05,0.444,3.423486,Sentinel-2_GEE_Real
2024-08-08,0.611,0.0,Sentinel-2_GEE_Real
2024-08-08,0.4786,0.00607,Sentinel-2_GEE_Real
2024-08-08,0.4532,4.472261,Sentinel-2_GEE_Real
2024-08-08,0.5645,0.043218,Sentinel-2_GEE_Real
2024-08-10,0.5117,10.778362,Sentinel-2_GEE_Real
2024-08-10,0.4619,0.074969,Sentinel-2_GEE_Real
2024-08-13,0.6154,0.394418,Sentinel-2_GEE_Real
2024-08-13,0.5015,14.556654,Sentinel-2_GEE_Real
2024-08-15,0.5338,4.814596,Sentinel-2_GEE_Real
2024-08-15,0.5767,0.000262,Sentinel-2_GEE_Real
2024-08-15,0.4977,0.000519,Sentinel-2_GEE_Real
2024-08-15,0.4756,10.26203,Sentinel-2_GEE_Real
2024-08-18,0.4977,0.00278,Sentinel-2_GEE_Real
2024-08-18,0.4727,0.014467,Sentinel-2_GEE_Real
2024-08-18,0.6203,0.002069,Sentinel-2_GEE_Real
2024-08-18,0.5802,0.003615,Sentinel-2_GEE_Real
2024-08-20,0.4372,1.249886,Sentinel-2_GEE_Real
2024-08-20,0.481,8.437578,Sentinel-2_GEE_Real
2024-08-23,0.6094,0.001631,Sentinel-2_GEE_Real
2024-08-23,0.5824,0.013663,Sentinel-2_GEE_Real
2024-08-23,0.5012,0.640796,Sentinel-2_GEE_Real
2024-08-23,0.4749,0.287152,Sentinel-2_GEE_Real
2024-08-25,0.4034,0.009924,Sentinel-2_GEE_Real
2024-08-25,0.3791,0.542603,Sentinel-2_GEE_Real
2024-08-25,0.4579,0.2235,Sentinel-2_GEE_Real
2024-08-28,0.3795,9.681363,Sentinel-2_GEE_Real
2024-08-30,0.3191,19.707297,Sentinel-2_GEE_Real
2024-08-30,0.3508,12.182514,Sentinel-2_GEE_Real
2024-09-02,0.5899,0.097138,Sentinel-2_GEE_Real
2024-09-02,0.5045,0.008483,Sentinel-2_GEE_Real
2024-09-02,0.4779,0.539824,Sentinel-2_GEE_Real
2024-09-02,0.6266,0.001838,Sentinel-2_GEE_Real
2024-09-04,0.5475,0.011599,Sentinel-2_GEE_Real
2024-09-04,0.606,0.089144,Sentinel-2_GEE_Real
2024-09-04,0.51,0.004538,Sentinel-2_GEE_Real
2024-09-04,0.4863,0.106551,Sentinel-2_GEE_Real
2024-09-09,0.5142,0.172465,Sentinel-2_GEE_Real
2024-09-09,0.4883,1.391822,Sentinel-2_GEE_Real
2024-09-09,0.5999,0.14273,Sentinel-2_GEE_Real
2024-09-09,0.5533,0.001861,Sentinel-2_GEE_Real
2024-09-12,0.5018,14.355026,Sentinel-2_GEE_Real
2024-09-12,0.6235,0.0006,Sentinel-2_GEE_Real
2024-09-14,0.4367,1.160616,Sentinel-2_GEE_Real
2024-09-14,0.5018,19.143388,Sentinel-2_GEE_Real
2024-09-17,0.4288,15.46865,Sentinel-2_GEE_Real
2024-09-17,0.4965,19.867349,Sentinel-2_GEE_Real
2024-09-22,0.3782,3.497966,Sentinel-2_GEE_Real
2024-09-22,0.3444,11.375796,Sentinel-2_GEE_Real
2024-09-22,0.3345,6.449907,Sentinel-2_GEE_Real
2024-09-29,0.4428,0.461974,Sentinel-2_GEE_Real
2024-09-29,0.4767,16.307192,Sentinel-2_GEE_Real
2024-10-02,0.5802,0.816896,Sentinel-2_GEE_Real
2024-10-02,0.4928,0.00147,Sentinel-2_GEE_Real
2024-10-02,0.4757,14.592178,Sentinel-2_GEE_Real
2024-10-02,0.6027,0.001539,Sentinel-2_GEE_Real
2024-10-17,0.3474,7.679925,Sentinel-2_GEE_Real
2024-10-19,0.5078,14.548966,Sentinel-2_GEE_Real
2024-10-19,0.5011,12.624541,Sentinel-2_GEE_Real
2024-10-24,0.0601,7.32759,Sentinel-2_GEE_Real
2024-10-27,0.4242,10.853375,Sentinel-2_GEE_Real
2024-10-27,0.478,2.85823,Sentinel-2_GEE_Real
2024-11-06,0.6091,7.623047,Sentinel-2_GEE_Real
2024-11-06,0.5636,0.071204,Sentinel-2_GEE_Real
2024-11-11,0.6655,0.001638,Sentinel-2_GEE_Real
2024-11-11,0.6774,14.031121,Sentinel-2_GEE_Real
2024-11-11,0.5909,7.82846,Sentinel-2_GEE_Real
2024-11-16,0.5778,9.817544,Sentinel-2_GEE_Real
2024-11-16,0.6498,0.060739,Sentinel-2_GEE_Real
2024-11-18,0.4777,15.726905,Sentinel-2_GEE_Real
2024-11-18,0.5135,2.515184,Sentinel-2_GEE_Real
2024-11-23,0.6507,0.009663,Sentinel-2_GEE_Real
2024-11-23,0.6386,1.347167,Sentinel-2_GEE_Real
2024-11-23,0.6813,0.353433,Sentinel-2_GEE_Real
2024-11-23,0.6927,0.436926,Sentinel-2_GEE_Real
2024-11-26,0.4875,13.072796,Sentinel-2_GEE_Real
2024-11-28,0.5633,0.002598,Sentinel-2_GEE_Real
2024-11-28,0.6548,15.529059,Sentinel-2_GEE_Real
2024-11-28,0.5746,0.027798,Sentinel-2_GEE_Real
2024-11-28,0.6129,8.079988,Sentinel-2_GEE_Real
2024-12-03,0.5934,15.549244,Sentinel-2_GEE_Real
2024-12-03,0.6123,0.091964,Sentinel-2_GEE_Real
2024-12-03,0.5995,0.24847,Sentinel-2_GEE_Real
2024-12-06,0.6671,3.858335,Sentinel-2_GEE_Real
2024-12-06,0.6543,7.431679,Sentinel-2_GEE_Real
2024-12-06,0.7234,0.002658,Sentinel-2_GEE_Real
2024-12-06,0.7108,3.914912,Sentinel-2_GEE_Real
2024-12-13,0.4937,11.255047,Sentinel-2_GEE_Real
2024-12-16,0.6701,0.007631,Sentinel-2_GEE_Real
2024-12-16,0.648,6.006381,Sentinel-2_GEE_Real
2024-12-16,0.7217,0.003412,Sentinel-2_GEE_Real
2024-12-16,0.7216,10.730536,Sentinel-2_GEE_Real
2024-12-18,0.6707,3.906019,Sentinel-2_GEE_Real
2024-12-18,0.6485,1.619537,Sentinel-2_GEE_Real
2024-12-18,0.6016,0.005867,Sentinel-2_GEE_Real
2024-12-18,0.613,8.640332,Sentinel-2_GEE_Real
2024-12-23,0.6751,9.252515,Sentinel-2_GEE_Real
2024-12-23,0.6518,0.320531,Sentinel-2_GEE_Real
2024-12-23,0.7033,0.067949,Sentinel-2_GEE_Real
2024-12-23,0.7112,0.007515,Sentinel-2_GEE_Real
2024-12-26,0.6542,6.674045,Sentinel-2_GEE_Real
2025-01-02,0.6348,0.000168,Sentinel-2_GEE_Real
2025-01-02,0.6253,6.024089,Sentinel-2_GEE_Real
2025-01-02,0.7038,0.523495,Sentinel-2_GEE_Real
2025-01-10,0.6748,1.83761,Sentinel-2_GEE_Real
2025-01-10,0.6649,6.963248,Sentinel-2_GEE_Real
2025-01-10,0.7136,0.125222,Sentinel-2_GEE_Real
2025-01-10,0.72,1.314712,Sentinel-2_GEE_Real
2025-01-12,0.6933,0.00137,Sentinel-2_GEE_Real
2025-01-15,0.6726,0.00034,Sentinel-2_GEE_Real
2025-01-15,0.6551,2.839454,Sentinel-2_GEE_Real
2025-01-15,0.7234,0.003151,Sentinel-2_GEE_Real
2025-01-15,0.7192,9.507985,Sentinel-2_GEE_Real
2025-01-30,0.3307,12.110637,Sentinel-2_GEE_Real
2025-02-01,0.6232,12.303652,Sentinel-2_GEE_Real
2025-02-01,0.6486,12.245918,Sentinel-2_GEE_Real
2025-02-01,0.5819,14.670092,Sentinel-2_GEE_Real
2025-02-06,0.6325,0.024548,Sentinel-2_GEE_Real
2025-02-06,0.6213,15.990326,Sentinel-2_GEE_Real
2025-02-06,0.6756,1.317643,Sentinel-2_GEE_Real
2025-02-09,0.6975,2.518855,Sentinel-2_GEE_Real
2025-02-09,0.7065,0.005119,Sentinel-2_GEE_Real
2025-02-09,0.6426,3.500785,Sentinel-2_GEE_Real
2025-02-09,0.659,2.924565,Sentinel-2_GEE_Real
2025-02-11,0.6136,0.000958,Sentinel-2_GEE_Real
2025-02-11,0.6164,8.5782,Sentinel-2_GEE_Real
2025-02-11,0.6651,17.992565,Sentinel-2_GEE_Real
2025-02-14,0.6518,0.001523,Sentinel-2_GEE_Real
2025-02-14,0.631,2.225537,Sentinel-2_GEE_Real
2025-02-14,0.6911,0.002589,Sentinel-2_GEE_Real
2025-02-14,0.6869,4.029546,Sentinel-2_GEE_Real
2025-02-19,0.4332,12.851864,Sentinel-2_GEE_Real
2025-02-26,0.6528,5.358164,Sentinel-2_GEE_Real
2025-03-03,0.5945,1.035959,Sentinel-2_GEE_Real
2025-03-03,0.5835,0.206437,Sentinel-2_GEE_Real
2025-03-18,0.3028,17.45477,Sentinel-2_GEE_Real
2025-03-20,0.5076,11.768239,Sentinel-2_GEE_Real
2025-03-26,0.5731,7.50808,Sentinel-2_GEE_Real
2025-03-26,0.5804,9.160011,Sentinel-2_GEE_Real
2025-03-26,0.5844,14.335845,Sentinel-2_GEE_Real
2025-03-26,0.6223,2.30039,Sentinel-2_GEE_Real
2025-03-28,0.5776,0.009352,Sentinel-2_GEE_Real
2025-03-28,0.5813,0.024995,Sentinel-2_GEE_Real
2025-03-28,0.5836,0.000849,Sentinel-2_GEE_Real
2025-03-28,0.638,0.002034,Sentinel-2_GEE_Real
2025-03-30,0.5348,3.304163,Sentinel-2_GEE_Real
2025-03-30,0.5692,0.713219,Sentinel-2_GEE_Real
2025-03-30,0.5312,8.17295,Sentinel-2_GEE_Real
2025-03-30,0.5655,0.12051,Sentinel-2_GEE_Real
2025-03-31,0.5922,13.011482,Sentinel-2_GEE_Real
2025-03-31,0.55,16.732907,Sentinel-2_GEE_Real
2025-03-31,0.5955,0.533878,Sentinel-2_GEE_Real
2025-04-02,0.4619,17.381401,Sentinel-2_GEE_Real
2025-04-07,0.5859,0.344216,Sentinel-2_GEE_Real
2025-04-07,0.5738,6.006037,Sentinel-2_GEE_Real
2025-04-07,0.6045,0.206263,Sentinel-2_GEE_Real
2025-04-07,0.6343,0.843023,Sentinel-2_GEE_Real
2025-04-22,0.5634,17.648123,Sentinel-2_GEE_Real
2025-04-22,0.5986,3.851344,Sentinel-2_GEE_Real
2025-04-25,0.6242,7.001752,Sentinel-2_GEE_Real
2025-04-25,0.6205,1.089312,Sentinel-2_GEE_Real
2025-04-25,0.5771,19.283341,Sentinel-2_GEE_Real
2025-04-25,0.5735,7.847793,Sentinel-2_GEE_Real
2025-04-27,0.58,1.060725,Sentinel-2_GEE_Real
2025-04-27,0.577,16.633457,Sentinel-2_GEE_Real
2025-04-27,0.597,1.095597,Sentinel-2_GEE_Real
2025-04-27,0.5855,13.426292,Sentinel-2_GEE_Real
2025-05-02,0.5467,1.98927,Sentinel-2_GEE_Real
2025-05-02,0.5191,16.833584,Sentinel-2_GEE_Real
2025-05-02,0.5571,6.905451,Sentinel-2_GEE_Real
2025-05-02,0.5862,2.379266,Sentinel-2_GEE_Real
2025-05-07,0.5695,19.697383,Sentinel-2_GEE_Real
2025-05-07,0.5445,18.253016,Sentinel-2_GEE_Real
2025-05-07,0.5432,6.994626,Sentinel-2_GEE_Real
2025-05-12,0.6326,0.009829,Sentinel-2_GEE_Real
2025-05-12,0.6289,7.888602,Sentinel-2_GEE_Real
2025-05-12,0.5742,9.280303,Sentinel-2_GEE_Real
2025-05-12,0.5763,3.676073,Sentinel-2_GEE_Real
2025-05-12,0.5713,0.13483,Sentinel-2_GEE_Real
2025-05-12,0.5719,6.81019,Sentinel-2_GEE_Real
2025-05-12,0.5516,9.482438,Sentinel-2_GEE_Real
2025-05-12,0.5469,1.7289,Sentinel-2_GEE_Real
2025-05-15,0.5259,19.254991,Sentinel-2_GEE_Real
2025-05-15,0.5868,1.859132,Sentinel-2_GEE_Real
2025-05-17,0.5263,2.279575,Sentinel-2_GEE_Real
2025-05-17,0.5791,9.288573,Sentinel-2_GEE_Real
2025-05-19,0.5154,0.429362,Sentinel-2_GEE_Real
2025-05-19,0.5082,2.589585,Sentinel-2_GEE_Real
2025-05-19,0.5755,7.199475,Sentinel-2_GEE_Real
2025-05-19,0.555,13.136528,Sentinel-2_GEE_Real
2025-05-20,0.5906,0.006501,Sentinel-2_GEE_Real
2025-05-20,0.5312,0.458855,Sentinel-2_GEE_Real
2025-05-20,0.5477,0.389785,Sentinel-2_GEE_Real
2025-05-20,0.5517,3.7e-05,Sentinel-2_GEE_Real
2025-05-20,0.5485,3.914551,Sentinel-2_GEE_Real
2025-05-20,0.6215,0.003617,Sentinel-2_GEE_Real
2025-05-22,0.5212,0.011741,Sentinel-2_GEE_Real
2025-05-22,0.5199,0.028778,Sentinel-2_GEE_Real
2025-05-22,0.5701,0.470194,Sentinel-2_GEE_Real
2025-05-22,0.5568,0.032256,Sentinel-2_GEE_Real
2025-05-22,0.5381,0.050556,Sentinel-2_GEE_Real
2025-05-22,0.5322,2.888671,Sentinel-2_GEE_Real
2025-05-22,0.6114,0.004505,Sentinel-2_GEE_Real
2025-05-25,0.6121,0.005547,Sentinel-2_GEE_Real
2025-05-25,0.5326,5.880363,Sentinel-2_GEE_Real
2025-05-25,0.5364,0.029682,Sentinel-2_GEE_Real
2025-05-27,0.5106,2.429338,Sentinel-2_GEE_Real
2025-05-27,0.4952,0.273897,Sentinel-2_GEE_Real
2025-05-27,0.5719,0.241681,Sentinel-2_GEE_Real
2025-05-27,0.5463,0.333184,Sentinel-2_GEE_Real
2025-05-29,0.4924,13.149062,Sentinel-2_GEE_Real
2025-05-29,0.4874,2.927605,Sentinel-2_GEE_Real
2025-05-29,0.5392,9.295364,Sentinel-2_GEE_Real
2025-05-29,0.5529,13.810508,Sentinel-2_GEE_Real
2025-05-30,0.4786,18.521591,Sentinel-2_GEE_Real
2025-06-01,0.5326,10.042485,Sentinel-2_GEE_Real
2025-06-04,0.5987,0.041982,Sentinel-2_GEE_Real
2025-06-04,0.5333,0.0,Sentinel-2_GEE_Real
2025-06-04,0.5502,2.320826,Sentinel-2_GEE_Real
2025-06-04,0.5293,14.883116,Sentinel-2_GEE_Real
2025-06-06,0.4892,2.181278,Sentinel-2_GEE_Real
2025-06-06,0.4804,0.119389,Sentinel-2_GEE_Real
2025-06-06,0.5422,4.789428,Sentinel-2_GEE_Real
2025-06-06,0.5165,2.231174,Sentinel-2_GEE_Real
2025-06-08,0.4656,10.60789,Sentinel-2_GEE_Real
2025-06-08,0.5011,4.487676,Sentinel-2_GEE_Real
2025-06-14,0.5997,0.058464,Sentinel-2_GEE_Real
2025-06-16,0.5582,12.592271,Sentinel-2_GEE_Real
2025-06-21,0.6093,0.003572,Sentinel-2_GEE_Real
2025-06-21,0.5049,0.503123,Sentinel-2_GEE_Real
2025-06-21,0.5364,3.307932,Sentinel-2_GEE_Real
2025-06-21,0.4923,7.406509,Sentinel-2_GEE_Real
2025-06-21,0.4865,3.689613,Sentinel-2_GEE_Real
2025-06-21,0.4955,0.000496,Sentinel-2_GEE_Real
2025-06-21,0.5635,0.381913,Sentinel-2_GEE_Real
2025-06-24,0.5629,14.299679,Sentinel-2_GEE_Real
2025-06-26,0.4916,0.001291,Sentinel-2_GEE_Real
2025-06-26,0.4743,0.027168,Sentinel-2_GEE_Real
2025-06-26,0.5686,0.000176,Sentinel-2_GEE_Real
2025-06-26,0.5341,0.001553,Sentinel-2_GEE_Real
2025-06-28,0.4881,7.654243,Sentinel-2_GEE_Real
2025-06-28,0.5571,9.451886,Sentinel-2_GEE_Real
2025-06-28,0.5339,19.183616,Sentinel-2_GEE_Real
2025-06-29,0.4684,5.520046,Sentinel-2_GEE_Real
2025-06-29,0.6034,0.002798,Sentinel-2_GEE_Real
2025-06-29,0.4869,0.225022,Sentinel-2_GEE_Real
2025-07-01,0.4774,0.205006,Sentinel-2_GEE_Real
2025-07-01,0.5669,0.007001,Sentinel-2_GEE_Real
2025-07-01,0.536,0.385984,Sentinel-2_GEE_Real
2025-07-01,0.4912,2.177335,Sentinel-2_GEE_Real
2025-07-01,0.4729,8.614275,Sentinel-2_GEE_Real
2025-07-01,0.6072,0.003683,Sentinel-2_GEE_Real
2025-07-01,0.4917,0.001821,Sentinel-2_GEE_Real
2025-07-04,0.498,0.119144,Sentinel-2_GEE_Real
2025-07-04,0.4688,19.92154,Sentinel-2_GEE_Real
2025-07-04,0.6129,0.015907,Sentinel-2_GEE_Real
2025-07-06,0.5476,16.10274,Sentinel-2_GEE_Real
2025-07-06,0.4753,0.14876,Sentinel-2_GEE_Real
2025-07-08,0.5414,8.074641,Sentinel-2_GEE_Real
2025-07-08,0.5742,6.749397,Sentinel-2_GEE_Real
2025-07-08,0.4978,11.814335,Sentinel-2_GEE_Real
2025-07-08,0.4782,1.866623,Sentinel-2_GEE_Real
2025-07-09,0.6197,0.083864,Sentinel-2_GEE_Real
2025-07-11,0.4861,19.900392,Sentinel-2_GEE_Real
2025-07-11,0.5561,12.574972,Sentinel-2_GEE_Real
2025-07-11,0.4955,14.099312,Sentinel-2_GEE_Real
2025-07-11,0.6185,0.108202,Sentinel-2_GEE_Real
2025-07-11,0.5849,0.243989,Sentinel-2_GEE_Real
2025-07-14,0.486,0.026626,Sentinel-2_GEE_Real
2025-07-14,0.467,4.920201,Sentinel-2_GEE_Real
2025-07-14,0.6096,0.0,Sentinel-2_GEE_Real
2025-07-16,0.5864,0.076015,Sentinel-2_GEE_Real
2025-07-16,0.5487,9.618273,Sentinel-2_GEE_Real
2025-07-16,0.5026,0.092488,Sentinel-2_GEE_Real
2025-07-16,0.4832,0.519991,Sentinel-2_GEE_Real
2025-07-18,0.5684,8.735664,Sentinel-2_GEE_Real
2025-07-19,0.4902,0.620955,Sentinel-2_GEE_Real
2025-07-19,0.4688,0.430969,Sentinel-2_GEE_Real
2025-07-19,0.6337,0.0,Sentinel-2_GEE_Real
2025-07-19,0.5766,1.652262,Sentinel-2_GEE_Real
2025-07-21,0.5668,6.047575,Sentinel-2_GEE_Real
2025-07-21,0.485,0.001194,Sentinel-2_GEE_Real
2025-07-21,0.4633,0.042268,Sentinel-2_GEE_Real
2025-07-21,0.5715,0.000508,Sentinel-2_GEE_Real
2025-07-21,0.5295,0.003895,Sentinel-2_GEE_Real
2025-07-21,0.4766,0.054891,Sentinel-2_GEE_Real
2025-07-21,0.4529,0.567391,Sentinel-2_GEE_Real
2025-07-21,0.6123,0.001848,Sentinel-2_GEE_Real
2025-07-24,0.4561,15.687795,Sentinel-2_GEE_Real
2025-07-24,0.5961,3.725728,Sentinel-2_GEE_Real
2025-07-24,0.495,15.280624,Sentinel-2_GEE_Real
2025-07-26,0.5218,14.816928,Sentinel-2_GEE_Real
2025-07-26,0.5561,8.590651,Sentinel-2_GEE_Real
2025-07-26,0.4702,0.200389,Sentinel-2_GEE_Real
2025-07-28,0.5479,0.003978,Sentinel-2_GEE_Real
2025-07-28,0.5828,0.000707,Sentinel-2_GEE_Real
2025-07-28,0.5019,0.000311,Sentinel-2_GEE_Real
2025-07-28,0.4832,0.680917,Sentinel-2_GEE_Real
2025-07-29,0.4876,0.02458,Sentinel-2_GEE_Real
2025-07-29,0.4668,7.7773,Sentinel-2_GEE_Real
2025-07-29,0.627,0.001015,Sentinel-2_GEE_Real
2025-07-29,0.5769,14.943057,Sentinel-2_GEE_Real
2025-07-31,0.4862,0.001651,Sentinel-2_GEE_Real
2025-07-31,0.4593,10.19793,Sentinel-2_GEE_Real
2025-07-31,0.5746,1.980435,Sentinel-2_GEE_Real
2025-07-31,0.5253,8.058666,Sentinel-2_GEE_Real
2025-07-31,0.4819,0.008921,Sentinel-2_GEE_Real
2025-07-31,0.4521,6.204332,Sentinel-2_GEE_Real
2025-07-31,0.6168,0.03813,Sentinel-2_GEE_Real
2025-07-31,0.5679,17.430966,Sentinel-2_GEE_Real
2025-08-03,0.5298,0.14381,Sentinel-2_GEE_Real
2025-08-03,0.4305,8.216871,Sentinel-2_GEE_Real
2025-08-03,0.4315,15.791525,Sentinel-2_GEE_Real
2025-08-05,0.4103,15.662749,Sentinel-2_GEE_Real
2025-08-05,0.3783,7.861745,Sentinel-2_GEE_Real
2025-08-05,0.4406,1.742528,Sentinel-2_GEE_Real
2025-08-05,0.451,0.431614,Sentinel-2_GEE_Real
2025-08-07,0.4767,2.478006,Sentinel-2_GEE_Real
2025-08-07,0.4609,2.929937,Sentinel-2_GEE_Real
2025-08-08,0.4884,0.006465,Sentinel-2_GEE_Real
2025-08-08,0.469,1.050434,Sentinel-2_GEE_Real
2025-08-08,0.6221,0.000659,Sentinel-2_GEE_Real
2025-08-10,0.5691,4.075341,Sentinel-2_GEE_Real
2025-08-10,0.6217,0.002926,Sentinel-2_GEE_Real
2025-08-10,0.4686,2.724685,Sentinel-2_GEE_Real
2025-08-10,0.4989,1.391507,Sentinel-2_GEE_Real
2025-08-10,0.5578,0.000209,Sentinel-2_GEE_Real
2025-08-10,0.4975,0.0,Sentinel-2_GEE_Real
2025-08-10,0.4862,0.000339,Sentinel-2_GEE_Real
2025-08-10,0.5239,9.146811,Sentinel-2_GEE_Real
2025-08-10,0.5818,0.974982,Sentinel-2_GEE_Real
2025-08-10,0.4625,1.613655,Sentinel-2_GEE_Real
2025-08-10,0.4409,6e-05,Sentinel-2_GEE_Real
2025-08-13,0.4844,1.416913,Sentinel-2_GEE_Real
2025-08-13,0.47,1.01559,Sentinel-2_GEE_Real
2025-08-13,0.6207,0.000692,Sentinel-2_GEE_Real
2025-08-13,0.5732,0.836564,Sentinel-2_GEE_Real
2025-08-15,0.52,10.256857,Sentinel-2_GEE_Real
2025-08-15,0.5646,4.504988,Sentinel-2_GEE_Real
2025-08-15,0.4802,0.252231,Sentinel-2_GEE_Real
2025-08-17,0.4782,0.004263,Sentinel-2_GEE_Real
2025-08-17,0.4639,0.014329,Sentinel-2_GEE_Real
2025-08-17,0.5296,0.014695,Sentinel-2_GEE_Real
2025-08-17,0.5059,0.606498,Sentinel-2_GEE_Real
2025-08-18,0.471,10.365751,Sentinel-2_GEE_Real
2025-08-18,0.6116,0.000901,Sentinel-2_GEE_Real
2025-08-20,0.4919,6.541039,Sentinel-2_GEE_Real
2025-08-20,0.596,0.006064,Sentinel-2_GEE_Real
2025-08-20,0.5048,0.203987,Sentinel-2_GEE_Real
2025-08-20,0.6267,0.003723,Sentinel-2_GEE_Real
2025-08-20,0.5823,0.637924,Sentinel-2_GEE_Real
2025-08-20,0.5008,0.000279,Sentinel-2_GEE_Real
2025-08-20,0.5505,0.00426,Sentinel-2_GEE_Real
2025-08-20,0.4867,1.466355,Sentinel-2_GEE_Real
2025-08-27,0.4991,0.00488,Sentinel-2_GEE_Real
2025-08-27,0.4873,0.334154,Sentinel-2_GEE_Real
2025-08-27,0.5873,0.004287,Sentinel-2_GEE_Real
2025-08-27,0.5551,0.003155,Sentinel-2_GEE_Real
2025-08-28,0.4776,19.127165,Sentinel-2_GEE_Real
2025-08-28,0.6309,0.141024,Sentinel-2_GEE_Real
2025-08-28,0.5809,0.008009,Sentinel-2_GEE_Real
2025-08-30,0.591,0.004248,Sentinel-2_GEE_Real
2025-08-30,0.6301,0.003308,Sentinel-2_GEE_Real
2025-08-30,0.4822,2.838773,Sentinel-2_GEE_Real
2025-08-30,0.4971,0.697789,Sentinel-2_GEE_Real
2025-08-30,0.5878,0.000176,Sentinel-2_GEE_Real
2025-08-30,0.484,0.024127,Sentinel-2_GEE_Real
2025-08-30,0.5007,0.000171,Sentinel-2_GEE_Real
2025-08-30,0.5439,0.002714,Sentinel-2_GEE_Real
2025-09-02,0.5026,0.008797,Sentinel-2_GEE_Real
2025-09-02,0.4889,0.019025,Sentinel-2_GEE_Real
2025-09-02,0.631,0.000633,Sentinel-2_GEE_Real
2025-09-02,0.5954,0.002589,Sentinel-2_GEE_Real
2025-09-04,0.5026,0.000379,Sentinel-2_GEE_Real
2025-09-04,0.4873,0.083064,Sentinel-2_GEE_Real
2025-09-04,0.5928,0.000116,Sentinel-2_GEE_Real
2025-09-04,0.5484,0.075514,Sentinel-2_GEE_Real
2025-09-06,0.4844,7.774539,Sentinel-2_GEE_Real
2025-09-12,0.5909,2.469951,Sentinel-2_GEE_Real
2025-09-12,0.4999,0.000262,Sentinel-2_GEE_Real
2025-09-12,0.6224,0.000659,Sentinel-2_GEE_Real
2025-09-14,0.4944,0.000617,Sentinel-2_GEE_Real
2025-09-14,0.4782,0.021608,Sentinel-2_GEE_Real
2025-09-14,0.586,0.000647,Sentinel-2_GEE_Real
2025-09-14,0.5315,0.060302,Sentinel-2_GEE_Real
2025-09-16,0.4853,0.000191,Sentinel-2_GEE_Real
2025-09-16,0.4668,14.021246,Sentinel-2_GEE_Real
2025-09-16,0.5427,0.576372,Sentinel-2_GEE_Real
2025-09-17,0.47,4.774259,Sentinel-2_GEE_Real
2025-09-17,0.4278,16.217433,Sentinel-2_GEE_Real
2025-09-17,0.5872,5.47838,Sentinel-2_GEE_Real
2025-09-19,0.3995,14.843354,Sentinel-2_GEE_Real
2025-09-19,0.4914,17.747246,Sentinel-2_GEE_Real
2025-09-19,0.4558,17.339309,Sentinel-2_GEE_Real
2025-09-19,0.4614,16.213694,Sentinel-2_GEE_Real
2025-09-22,0.4927,15.168965,Sentinel-2_GEE_Real
2025-09-22,0.6104,0.000619,Sentinel-2_GEE_Real
2025-09-22,0.5904,0.020701,Sentinel-2_GEE_Real
2025-09-26,0.4249,2.231324,Sentinel-2_GEE_Real
2025-09-26,0.4516,8.099412,Sentinel-2_GEE_Real
2025-09-26,0.3865,7.436823,Sentinel-2_GEE_Real
2025-09-27,0.486,18.082966,Sentinel-2_GEE_Real
2025-09-27,0.6074,0.248441,Sentinel-2_GEE_Real
2025-10-02,0.4848,0.018344,Sentinel-2_GEE_Real
2025-10-02,0.5804,3.181858,Sentinel-2_GEE_Real
2025-10-02,0.5661,9.27541,Sentinel-2_GEE_Real
2025-10-04,0.5264,19.770277,Sentinel-2_GEE_Real
2025-10-04,0.5613,4.134548,Sentinel-2_GEE_Real
2025-10-04,0.4897,11.742871,Sentinel-2_GEE_Real
2025-10-04,0.4777,17.157128,Sentinel-2_GEE_Real
2025-10-06,0.4479,13.397212,Sentinel-2_GEE_Real
2025-10-07,0.4722,1.450752,Sentinel-2_GEE_Real
2025-10-07,0.4537,5.489514,Sentinel-2_GEE_Real
2025-10-07,0.5901,0.0008,Sentinel-2_GEE_Real
2025-10-07,0.5751,6.322933,Sentinel-2_GEE_Real
2025-10-09,0.4735,11.986922,Sentinel-2_GEE_Real
2025-10-09,0.5791,10.94644,Sentinel-2_GEE_Real
2025-10-09,0.587,4.049137,Sentinel-2_GEE_Real
2025-10-09,0.5921,5.003774,Sentinel-2_GEE_Real
2025-10-09,0.5987,0.457855,Sentinel-2_GEE_Real
2025-10-12,0.562,4.889064,Sentinel-2_GEE_Real
2025-10-12,0.4388,13.87338,Sentinel-2_GEE_Real
2025-10-14,0.5054,2.485058,Sentinel-2_GEE_Real
2025-10-14,0.4898,7.304992,Sentinel-2_GEE_Real
2025-10-14,0.586,2.06074,Sentinel-2_GEE_Real
2025-10-14,0.5932,2.817061,Sentinel-2_GEE_Real
2025-10-17,0.4447,0.544799,Sentinel-2_GEE_Real
2025-10-17,0.3902,16.616669,Sentinel-2_GEE_Real
2025-10-19,0.4927,7.574557,Sentinel-2_GEE_Real
2025-10-19,0.4961,11.618273,Sentinel-2_GEE_Real
2025-10-19,0.4731,16.539358,Sentinel-2_GEE_Real
2025-10-19,0.6007,0.001985,Sentinel-2_GEE_Real
2025-10-22,0.5959,0.141685,Sentinel-2_GEE_Real
2025-10-22,0.551,9.821789,Sentinel-2_GEE_Real
2025-10-22,0.4818,19.92805,Sentinel-2_GEE_Real
2025-10-24,0.5077,0.00061,Sentinel-2_GEE_Real
2025-10-24,0.5019,0.010333,Sentinel-2_GEE_Real
2025-10-24,0.6003,0.000136,Sentinel-2_GEE_Real
2025-10-24,0.5932,0.000621,Sentinel-2_GEE_Real
2025-10-27,0.4618,1.593815,Sentinel-2_GEE_Real
2025-10-27,0.4448,18.886749,Sentinel-2_GEE_Real
2025-10-27,0.5631,2.817265,Sentinel-2_GEE_Real
2025-10-27,0.5417,10.633053,Sentinel-2_GEE_Real
2025-11-03,0.6011,5.853547,Sentinel-2_GEE_Real
2025-11-03,0.5898,3.170238,Sentinel-2_GEE_Real
2025-11-08,0.548,13.447262,Sentinel-2_GEE_Real
2025-11-08,0.4947,15.116307,Sentinel-2_GEE_Real
2025-11-08,0.55,15.650664,Sentinel-2_GEE_Real
2025-11-11,0.5538,0.000466,Sentinel-2_GEE_Real
2025-11-11,0.659,0.0,Sentinel-2_GEE_Real
2025-11-15,0.4042,18.791594,Sentinel-2_GEE_Real
2025-11-18,0.4866,13.168736,Sentinel-2_GEE_Real
2025-11-18,0.4882,16.902378,Sentinel-2_GEE_Real
2025-11-18,0.558,1.361615,Sentinel-2_GEE_Real
2025-11-21,0.603,8.488936,Sentinel-2_GEE_Real
2025-11-21,0.5919,4.548392,Sentinel-2_GEE_Real
2025-11-21,0.7057,0.002191,Sentinel-2_GEE_Real
2025-11-21,0.6886,0.41916,Sentinel-2_GEE_Real
2025-11-23,0.6328,14.533021,Sentinel-2_GEE_Real
2025-11-26,0.6841,0.008329,Sentinel-2_GEE_Real
2025-11-26,0.7236,0.00256,Sentinel-2_GEE_Real
2025-11-26,0.5808,0.012434,Sentinel-2_GEE_Real
2025-11-26,0.6008,0.122153,Sentinel-2_GEE_Real
2025-11-28,0.6034,0.000227,Sentinel-2_GEE_Real
2025-11-28,0.5964,5.732713,Sentinel-2_GEE_Real
2025-11-28,0.6645,0.000561,Sentinel-2_GEE_Real
2025-11-28,0.6785,4.599998,Sentinel-2_GEE_Real
2025-11-28,0.6094,0.000377,Sentinel-2_GEE_Real
2025-11-28,0.601,3.387121,Sentinel-2_GEE_Real
2025-11-28,0.7078,0.002245,Sentinel-2_GEE_Real
2025-11-28,0.7012,13.124864,Sentinel-2_GEE_Real
2025-12-01,0.4053,3.17183,Sentinel-2_GEE_Real
2025-12-03,0.438,2.404727,Sentinel-2_GEE_Real
2025-12-03,0.4471,16.112199,Sentinel-2_GEE_Real
2025-12-05,0.5272,16.298474,Sentinel-2_GEE_Real
2025-12-06,0.6245,4.894241,Sentinel-2_GEE_Real
2025-12-06,0.7179,0.002839,Sentinel-2_GEE_Real
2025-12-06,0.7073,0.025429,Sentinel-2_GEE_Real
2025-12-08,0.6162,0.0013,Sentinel-2_GEE_Real
2025-12-08,0.6733,0.006264,Sentinel-2_GEE_Real
2025-12-08,0.6288,5.511275,Sentinel-2_GEE_Real
2025-12-08,0.7047,0.020685,Sentinel-2_GEE_Real
2025-12-08,0.7069,5.905567,Sentinel-2_GEE_Real
2025-12-11,0.5026,14.362144,Sentinel-2_GEE_Real
2025-12-18,0.4447,18.531455,Sentinel-2_GEE_Real
2025-12-18,0.5015,5.361327,Sentinel-2_GEE_Real
2025-12-18,0.5009,14.627254,Sentinel-2_GEE_Real
2025-12-18,0.4664,10.808763,Sentinel-2_GEE_Real
2025-12-18,0.4884,12.976612,Sentinel-2_GEE_Real
2025-12-25,0.178,14.507025,Sentinel-2_GEE_Real
2026-01-07,0.5804,5.898749,Sentinel-2_GEE_Real
2026-01-07,0.6367,2.972289,Sentinel-2_GEE_Real
2026-01-07,0.584,13.644677,Sentinel-2_GEE_Real
2026-01-07,0.6289,15.956464,Sentinel-2_GEE_Real
2026-01-07,0.6699,1.946419,Sentinel-2_GEE_Real
2026-01-10,0.674,1.237465,Sentinel-2_GEE_Real
2026-01-12,0.694,2.887741,Sentinel-2_GEE_Real
2026-01-12,0.6494,0.000176,Sentinel-2_GEE_Real
2026-01-12,0.6413,4.447632,Sentinel-2_GEE_Real
2026-01-12,0.6306,0.001466,Sentinel-2_GEE_Real
2026-01-15,0.6032,19.776785,Sentinel-2_GEE_Real
2026-02-01,0.4806,11.12991,Sentinel-2_GEE_Real
2026-02-01,0.4339,8.048268,Sentinel-2_GEE_Real
2026-02-14,0.6139,10.508021,Sentinel-2_GEE_Real
2026-02-14,0.5821,5.526193,Sentinel-2_GEE_Real
2026-02-14,0.6856,0.23132,Sentinel-2_GEE_Real
2026-02-16,0.6181,1.02181,Sentinel-2_GEE_Real
2026-02-16,0.6154,7.305423,Sentinel-2_GEE_Real
2026-02-16,0.673,3.861609,Sentinel-2_GEE_Real
2026-02-16,0.618,1.477069,Sentinel-2_GEE_Real
2026-02-16,0.6144,6.475995,Sentinel-2_GEE_Real
2026-02-16,0.6748,4.147876,Sentinel-2_GEE_Real
2026-02-19,0.5478,13.88433,Sentinel-2_GEE_Real
2026-02-19,0.6394,0.608515,Sentinel-2_GEE_Real
2026-02-19,0.5512,13.97706,Sentinel-2_GEE_Real
2026-02-19,0.6357,0.611187,Sentinel-2_GEE_Real
2026-02-21,0.6014,11.767893,Sentinel-2_GEE_Real
2026-02-21,0.6273,0.494172,Sentinel-2_GEE_Real
2026-02-21,0.6108,0.004127,Sentinel-2_GEE_Real
2026-02-21,0.6513,11.486886,Sentinel-2_GEE_Real
2026-02-24,0.6248,11.770551,Sentinel-2_GEE_Real
2026-02-24,0.6198,0.599481,Sentinel-2_GEE_Real
2026-02-24,0.6501,0.008584,Sentinel-2_GEE_Real
